-- phpMyAdmin SQL Dump
-- version 5.2.1
-- https://www.phpmyadmin.net/
--
-- Host: 127.0.0.1:4005:4005
-- Generation Time: Sep 15, 2025 at 11:33 PM
-- Server version: 10.4.32-MariaDB
-- PHP Version: 8.2.12

SET SQL_MODE = "NO_AUTO_VALUE_ON_ZERO";
START TRANSACTION;
SET time_zone = "+00:00";


/*!40101 SET @OLD_CHARACTER_SET_CLIENT=@@CHARACTER_SET_CLIENT */;
/*!40101 SET @OLD_CHARACTER_SET_RESULTS=@@CHARACTER_SET_RESULTS */;
/*!40101 SET @OLD_COLLATION_CONNECTION=@@COLLATION_CONNECTION */;
/*!40101 SET NAMES utf8mb4 */;

--
-- Database: `vetv1`
--

-- --------------------------------------------------------

--
-- Table structure for table `orders`
--

CREATE TABLE `orders` (
  `id` int(11) UNSIGNED NOT NULL,
  `user_id` int(11) UNSIGNED DEFAULT NULL,
  `address` varchar(300) NOT NULL,
  `created_at` datetime NOT NULL DEFAULT current_timestamp()
) ENGINE=InnoDB DEFAULT CHARSET=utf8mb4 COLLATE=utf8mb4_general_ci;

--
-- Dumping data for table `orders`
--

INSERT INTO `orders` (`id`, `user_id`, `address`, `created_at`) VALUES
(1, 6, 'Skerlićeva 185a, Novi Sad', '2024-02-05 01:48:21'),
(2, 6, 'Vojvode Mišića 179a, Pančevo', '2024-12-27 15:16:46'),
(3, 6, 'Beogradska 7c, Smederevo', '2025-02-26 23:19:12'),
(4, 6, 'Ruzveltova 106a, Zrenjanin', '2024-02-17 04:22:18'),
(5, 6, 'Gundulićeva 199c, Novi Sad', '2025-05-28 15:45:34'),
(6, 6, 'Gundulićeva 101c, Kraljevo', '2024-12-10 22:52:56'),
(7, 6, 'Savska 113, Zrenjanin', '2024-07-20 14:52:48'),
(8, 6, 'Savska 86b, Kragujevac', '2024-09-11 11:24:14'),
(9, 6, 'Terazije 148b, Novi Sad', '2024-08-05 13:48:55'),
(10, 6, 'Sime Lozanića 185a, Zrenjanin', '2025-04-29 11:53:13'),
(11, 6, 'Jovana Dučića 11a, Zrenjanin', '2024-12-29 09:10:43'),
(12, 6, 'Strahinjića Bana 1b, Subotica', '2025-09-15 16:10:56'),
(13, 6, 'Knez Danilova 159a, Niš', '2025-01-06 05:17:57'),
(14, 6, 'Požeška 75b, Čačak', '2024-05-02 14:41:01'),
(15, 6, 'Kralja Petra 15b, Subotica', '2024-03-05 01:54:51'),
(16, 6, 'Karađorđeva 119a, Novi Sad', '2025-03-14 04:06:11'),
(17, 6, 'Bulevar Oslobođenja 178c, Kraljevo', '2024-02-28 03:24:22'),
(18, 6, 'Bulevar Oslobođenja 53, Kragujevac', '2024-04-09 17:11:22'),
(19, 6, 'Ustanička 96a, Kraljevo', '2025-05-04 06:07:52'),
(20, 6, 'Bulevar Oslobođenja 70c, Niš', '2024-05-08 01:16:20'),
(21, 6, 'Resavska 58a, Smederevo', '2025-02-11 15:07:11'),
(22, 6, 'Strahinjića Bana 131a, Kragujevac', '2025-08-27 10:14:58'),
(23, 6, 'Đorđa Vajferta 152b, Subotica', '2025-04-27 14:18:08'),
(24, 6, 'Patrijarha Pavla 198a, Čačak', '2024-11-25 18:24:22'),
(25, 6, 'Bulevar Oslobođenja 33, Kragujevac', '2025-03-02 18:24:58'),
(26, 6, 'Knez Danilova 155b, Kraljevo', '2024-11-06 04:53:56'),
(27, 6, 'Kralja Petra 57a, Pančevo', '2024-06-30 21:02:27'),
(28, 6, 'Karađorđeva 198b, Subotica', '2025-11-12 04:51:29'),
(29, 6, 'Narodnog fronta 177b, Smederevo', '2025-11-11 09:28:07'),
(30, 6, 'Narodnog fronta 127, Kraljevo', '2025-08-05 07:02:09'),
(31, 7, 'Zmaj Jovina 140, Smederevo', '2024-09-04 06:40:05'),
(32, 7, 'Knez Mihailova 166b, Niš', '2025-01-08 16:53:28'),
(33, 7, 'Sime Lozanića 21a, Subotica', '2024-02-23 00:13:47'),
(34, 7, 'Karađorđeva 148c, Novi Sad', '2024-03-17 01:30:16'),
(35, 7, 'Svetog Save 130a, Smederevo', '2024-08-15 17:54:11'),
(36, 7, 'Bulevar kralja Aleksandra 55, Kraljevo', '2025-01-28 05:02:22'),
(37, 7, 'Bulevar Oslobođenja 182b, Kraljevo', '2025-03-23 01:31:49'),
(38, 7, 'Strahinjića Bana 153c, Smederevo', '2024-03-08 16:31:46'),
(39, 7, 'Požeška 199c, Čačak', '2024-07-08 09:33:24'),
(40, 7, 'Gundulićeva 165a, Pančevo', '2024-06-12 00:37:52'),
(41, 7, 'Beogradska 112c, Čačak', '2024-11-11 11:42:59'),
(42, 7, 'Terazije 177, Kraljevo', '2024-10-26 06:31:59'),
(43, 7, 'Cara Dušana 155a, Subotica', '2024-09-27 06:54:39'),
(44, 7, 'Narodnog fronta 187a, Čačak', '2025-10-20 20:30:18'),
(45, 7, 'Savska 173a, Čačak', '2024-05-20 01:10:16'),
(46, 7, 'Ruzveltova 194a, Kraljevo', '2025-03-13 10:11:02'),
(47, 7, 'Njegoševa 36, Kragujevac', '2025-08-28 12:29:15'),
(48, 7, 'Vojvode Mišića 88, Smederevo', '2024-05-09 16:36:21'),
(49, 7, 'Knez Mihailova 78b, Kragujevac', '2025-03-31 00:05:50'),
(50, 7, 'Požeška 96b, Kragujevac', '2024-05-24 02:20:09'),
(51, 30, 'Vojvode Mišića 130b, Zrenjanin', '2024-11-23 08:00:21'),
(52, 30, 'Skerlićeva 59a, Smederevo', '2024-03-29 09:48:31'),
(53, 30, 'Njegoševa 79b, Pančevo', '2024-05-23 14:15:22'),
(54, 30, 'Bulevar Oslobođenja 82b, Kraljevo', '2024-12-22 20:18:54'),
(55, 30, 'Sime Lozanića 57, Kraljevo', '2025-01-22 08:11:32'),
(56, 30, 'Jovana Dučića 13, Pančevo', '2025-01-10 01:33:30'),
(57, 30, 'Takovska 33a, Subotica', '2025-05-22 09:49:28'),
(58, 30, 'Balkanska 80b, Niš', '2025-06-02 09:55:20'),
(59, 30, 'Resavska 120a, Beograd', '2024-11-28 22:12:08'),
(60, 30, 'Skerlićeva 93b, Zrenjanin', '2024-12-19 11:01:50'),
(61, 30, 'Knez Mihailova 169, Subotica', '2024-02-16 13:57:06'),
(62, 30, 'Ruzveltova 119b, Niš', '2024-07-21 11:45:01'),
(63, 30, 'Narodnog fronta 19c, Smederevo', '2025-11-03 01:02:07'),
(64, 30, 'Knez Mihailova 81b, Niš', '2025-08-23 21:41:22'),
(65, 30, 'Gundulićeva 113c, Kraljevo', '2024-07-11 01:15:31'),
(66, 30, 'Strahinjića Bana 160a, Čačak', '2025-06-06 00:45:50'),
(67, 30, 'Ustanička 72a, Smederevo', '2025-08-07 16:33:27'),
(68, 30, 'Bulevar Mihajla Pupina 171, Beograd', '2024-11-09 01:58:29'),
(69, 30, 'Resavska 200b, Smederevo', '2025-02-05 06:50:38'),
(70, 30, 'Cara Dušana 160c, Niš', '2025-05-12 00:26:14'),
(71, 30, 'Karađorđeva 4c, Niš', '2025-10-23 17:49:01'),
(72, 30, 'Gundulićeva 89b, Kragujevac', '2024-01-27 11:38:56'),
(73, 30, 'Sime Lozanića 73b, Kraljevo', '2024-10-10 03:26:45'),
(74, 30, 'Bulevar kralja Aleksandra 156a, Kraljevo', '2024-10-08 21:43:27'),
(75, 30, 'Heroja sa Košara 13, Beograd', '2025-08-08 15:21:42'),
(76, 30, 'Sime Lozanića 177c, Smederevo', '2025-05-09 11:47:06'),
(77, 30, 'Milutina Milankovića 26b, Smederevo', '2025-05-22 01:03:16'),
(78, 30, 'Skerlićeva 87, Zrenjanin', '2024-10-02 23:08:22'),
(79, 30, 'Milutina Milankovića 7b, Kraljevo', '2025-03-26 12:19:03'),
(80, 30, 'Strahinjića Bana 145c, Čačak', '2024-06-19 21:58:20'),
(81, 30, 'Balkanska 157b, Pančevo', '2024-03-19 15:37:37'),
(82, 30, 'Cara Dušana 114b, Subotica', '2025-06-23 13:06:35'),
(83, 30, 'Patrijarha Pavla 76, Kragujevac', '2025-01-07 22:41:33'),
(84, 30, 'Milutina Milankovića 171b, Kraljevo', '2025-07-06 19:08:30'),
(85, 30, 'Bulevar kralja Aleksandra 64, Kragujevac', '2024-12-28 01:10:49'),
(86, 30, 'Ustanička 27b, Zrenjanin', '2024-11-06 17:19:04'),
(87, 30, 'Balkanska 74, Subotica', '2025-09-03 11:15:59'),
(88, 30, 'Knez Mihailova 143b, Kragujevac', '2025-02-24 19:24:32'),
(89, 30, 'Svetog Save 158b, Novi Sad', '2024-10-22 23:40:42'),
(90, 30, 'Kralja Petra 145b, Subotica', '2025-10-14 22:55:27'),
(91, 30, 'Bulevar Mihajla Pupina 12a, Čačak', '2025-04-28 13:52:35'),
(92, 30, 'Narodnog fronta 98b, Subotica', '2025-04-11 10:10:36'),
(93, 30, 'Savska 80, Zrenjanin', '2024-01-06 14:37:02'),
(94, 30, 'Balkanska 168b, Kraljevo', '2024-04-12 22:28:59'),
(95, 30, 'Milutina Milankovića 56a, Pančevo', '2025-11-30 18:34:48'),
(96, 30, 'Cara Dušana 156a, Kraljevo', '2024-03-15 18:26:10'),
(97, 30, 'Bulevar kralja Aleksandra 97b, Kragujevac', '2025-01-23 00:47:15'),
(98, 30, 'Nemanjina 155b, Zrenjanin', '2025-03-09 09:31:37'),
(99, 30, 'Strahinjića Bana 198b, Pančevo', '2025-09-23 02:35:07'),
(100, 30, 'Patrijarha Pavla 151a, Zrenjanin', '2025-10-04 06:57:42'),
(101, 30, 'Gundulićeva 200c, Kraljevo', '2025-11-02 20:45:32'),
(102, 30, 'Trg Nikole Pašića 186b, Subotica', '2025-11-15 18:44:44'),
(103, 30, 'Sime Lozanića 73b, Niš', '2025-10-26 02:05:20'),
(104, 30, 'Sime Lozanića 68, Zrenjanin', '2024-02-08 05:49:45'),
(105, 30, 'Vojvode Mišića 86a, Kraljevo', '2024-01-01 21:39:55'),
(106, 30, 'Požeška 151c, Niš', '2024-05-20 14:14:27'),
(107, 30, 'Zmaj Jovina 183a, Pančevo', '2024-01-23 01:19:00'),
(108, 30, 'Ustanička 92b, Smederevo', '2025-01-09 15:27:40'),
(109, 30, 'Beogradska 179b, Beograd', '2024-06-12 04:28:11'),
(110, 30, 'Bulevar Evrope 98b, Kraljevo', '2024-08-20 01:57:53'),
(111, 30, 'Strahinjića Bana 198b, Kraljevo', '2024-07-29 07:51:56'),
(112, 30, 'Đorđa Vajferta 160a, Novi Sad', '2025-09-14 11:04:52'),
(113, 30, 'Ustanička 46a, Niš', '2024-12-12 12:58:44'),
(114, 30, 'Terazije 24a, Zrenjanin', '2024-08-18 22:30:52'),
(115, 30, 'Njegoševa 77a, Novi Sad', '2024-05-21 19:54:57'),
(116, 30, 'Ustanička 126b, Čačak', '2025-08-22 23:53:09'),
(117, 30, 'Karađorđeva 49b, Niš', '2024-03-15 21:53:52'),
(118, 30, 'Terazije 147a, Pančevo', '2024-09-07 13:10:11'),
(119, 30, 'Resavska 183b, Novi Sad', '2025-07-13 21:11:59'),
(120, 30, 'Ustanička 175, Zrenjanin', '2024-04-12 03:53:54'),
(121, 65, 'Terazije 19b, Kragujevac', '2025-10-21 21:50:00'),
(122, 65, 'Ustanička 163b, Kraljevo', '2025-11-29 14:35:24'),
(123, 65, 'Jovana Dučića 45, Kragujevac', '2025-02-07 22:34:15'),
(124, 65, 'Knez Danilova 69, Pančevo', '2024-02-01 17:25:00'),
(125, 65, 'Kraljice Natalije 63, Čačak', '2024-11-24 21:35:38'),
(126, 65, 'Nemanjina 42, Zrenjanin', '2025-10-28 13:09:41'),
(127, 47, 'Resavska 74, Smederevo', '2024-04-07 08:05:13'),
(128, 47, 'Bulevar Mihajla Pupina 189b, Kragujevac', '2025-10-07 01:05:55'),
(129, 20, 'Narodnog fronta 87b, Smederevo', '2024-01-02 04:39:43'),
(130, 20, 'Strahinjića Bana 81c, Subotica', '2024-11-01 12:36:15'),
(131, 20, 'Trg Nikole Pašića 158, Kraljevo', '2024-07-26 12:28:07'),
(132, 20, 'Nemanjina 17b, Novi Sad', '2025-07-06 03:27:00'),
(133, 20, 'Skerlićeva 151c, Beograd', '2025-09-17 02:00:38'),
(134, 59, 'Vojvode Stepe 43a, Subotica', '2025-12-04 15:07:37'),
(135, 59, 'Takovska 68c, Kraljevo', '2025-02-28 10:14:30'),
(136, 59, 'Knez Danilova 27a, Beograd', '2024-08-06 21:16:06'),
(137, 59, 'Knez Mihailova 128, Zrenjanin', '2025-07-26 07:50:31'),
(138, 59, 'Gundulićeva 25c, Niš', '2025-08-16 06:22:28'),
(139, 59, 'Trg Nikole Pašića 83b, Pančevo', '2025-01-15 02:30:42'),
(140, 3, 'Knez Mihailova 136b, Čačak', '2024-05-08 16:54:25'),
(141, 3, 'Jovana Dučića 66, Beograd', '2025-07-24 13:53:25'),
(142, 3, 'Milutina Milankovića 21c, Niš', '2024-06-10 12:45:09'),
(143, 3, 'Kralja Petra 46b, Pančevo', '2025-09-18 09:02:37'),
(144, 3, 'Cara Dušana 193, Kraljevo', '2025-07-23 23:49:38'),
(145, 3, 'Njegoševa 78, Niš', '2024-07-22 09:07:36'),
(146, 77, 'Kralja Petra 14b, Subotica', '2024-07-16 11:04:44'),
(147, 77, 'Njegoševa 66b, Pančevo', '2024-03-21 03:12:11'),
(148, 77, 'Balkanska 59a, Kragujevac', '2024-01-17 12:56:44'),
(149, 77, 'Svetog Save 199a, Smederevo', '2024-09-11 17:38:20'),
(150, 77, 'Skerlićeva 37c, Čačak', '2025-09-05 07:09:20'),
(151, 11, 'Strahinjića Bana 192c, Novi Sad', '2025-04-04 03:52:02'),
(152, 11, 'Makedonska 107b, Novi Sad', '2025-05-18 15:31:37'),
(153, 9, 'Ustanička 148b, Subotica', '2025-09-10 02:26:03'),
(154, 9, 'Milutina Milankovića 39b, Niš', '2024-07-12 05:27:46'),
(155, 9, 'Kralja Petra 187a, Niš', '2025-07-12 21:24:08'),
(156, 9, 'Požeška 121a, Subotica', '2024-08-12 09:28:37'),
(157, 9, 'Gundulićeva 151c, Beograd', '2024-07-27 01:44:53'),
(158, 9, 'Vojvode Stepe 181b, Subotica', '2025-12-09 16:23:49'),
(159, 9, 'Bulevar Evrope 62, Niš', '2025-12-24 08:22:18'),
(160, 31, 'Trg Nikole Pašića 69b, Niš', '2025-01-29 00:52:25'),
(161, 31, 'Cara Dušana 198a, Kragujevac', '2024-03-19 17:06:16'),
(162, 23, 'Beogradska 101, Niš', '2024-09-02 17:20:10'),
(163, 53, 'Savska 35a, Subotica', '2025-02-05 21:23:51'),
(164, 53, 'Požeška 123b, Novi Sad', '2024-02-02 04:38:05'),
(165, 53, 'Heroja sa Košara 118c, Zrenjanin', '2024-05-24 04:44:24'),
(166, 53, 'Vojvode Mišića 43b, Kraljevo', '2024-01-24 21:41:19'),
(167, 53, 'Beogradska 28b, Kraljevo', '2024-02-28 13:43:38'),
(168, 53, 'Karađorđeva 121a, Novi Sad', '2024-03-14 14:54:57'),
(169, 53, 'Strahinjića Bana 44a, Niš', '2025-01-13 01:11:55'),
(170, 53, 'Njegoševa 147, Smederevo', '2025-01-26 00:28:34'),
(171, 53, 'Bulevar Oslobođenja 2, Pančevo', '2024-05-09 05:01:36'),
(172, 5, 'Bulevar Oslobođenja 156b, Smederevo', '2025-04-02 07:36:58'),
(173, 5, 'Knez Danilova 11, Niš', '2024-04-23 04:49:56'),
(174, 5, 'Svetog Save 97b, Niš', '2025-01-24 18:25:59'),
(175, 5, 'Savska 148a, Smederevo', '2025-06-19 12:36:35'),
(176, 5, 'Bulevar Evrope 102, Subotica', '2024-04-05 04:59:21'),
(177, 5, 'Njegoševa 181, Pančevo', '2025-06-16 21:05:52'),
(178, 49, 'Kraljice Natalije 199b, Novi Sad', '2025-11-29 14:05:06'),
(179, 49, 'Savska 186c, Čačak', '2024-08-01 19:46:39'),
(180, 88, 'Gundulićeva 77a, Smederevo', '2025-08-01 13:27:20'),
(181, 88, 'Jovana Dučića 109b, Smederevo', '2025-12-28 04:35:05'),
(182, 45, 'Kralja Petra 109a, Zrenjanin', '2024-11-25 15:43:33'),
(183, 45, 'Ustanička 82a, Čačak', '2025-05-28 05:55:55'),
(184, 45, 'Skerlićeva 130, Čačak', '2025-09-15 02:30:37'),
(185, 45, 'Svetog Save 71c, Pančevo', '2024-12-23 07:13:21'),
(186, 45, 'Karađorđeva 61, Čačak', '2024-01-24 04:27:19'),
(187, 45, 'Narodnog fronta 161a, Kraljevo', '2024-01-07 12:24:10'),
(188, 45, 'Karađorđeva 42c, Čačak', '2024-03-30 13:02:14'),
(189, 45, 'Ustanička 33a, Kragujevac', '2024-02-24 11:24:54'),
(190, 74, 'Takovska 131b, Pančevo', '2024-10-17 23:42:01'),
(191, 74, 'Ustanička 128b, Beograd', '2024-02-14 07:56:51'),
(192, 74, 'Bulevar kralja Aleksandra 124a, Niš', '2024-09-21 18:22:21'),
(193, 74, 'Patrijarha Pavla 197c, Smederevo', '2024-06-16 23:40:47'),
(194, 27, 'Bulevar kralja Aleksandra 162c, Novi Sad', '2025-08-12 07:54:36'),
(195, 27, 'Takovska 77c, Kraljevo', '2025-11-29 04:42:07'),
(196, 27, 'Bulevar Mihajla Pupina 7b, Zrenjanin', '2024-06-28 00:04:30'),
(197, 27, 'Kralja Petra 96b, Kragujevac', '2025-09-14 18:46:56'),
(198, 50, 'Bulevar Oslobođenja 32a, Čačak', '2025-07-22 12:24:33'),
(199, 24, 'Kraljice Natalije 102a, Kraljevo', '2024-06-27 02:24:41'),
(200, 24, 'Makedonska 84b, Pančevo', '2025-07-18 12:43:15'),
(201, 24, 'Milutina Milankovića 193c, Beograd', '2024-10-14 06:12:51'),
(202, 24, 'Sime Lozanića 20a, Kragujevac', '2024-02-18 18:47:06'),
(203, 24, 'Bulevar Evrope 131c, Pančevo', '2024-11-18 08:37:22'),
(204, 94, 'Ruzveltova 69b, Čačak', '2024-07-18 02:52:19'),
(205, 94, 'Bulevar Mihajla Pupina 126b, Novi Sad', '2025-10-10 17:55:42'),
(206, 94, 'Savska 135a, Čačak', '2025-08-11 09:13:05'),
(207, 94, 'Resavska 159, Novi Sad', '2024-04-03 06:42:43'),
(208, 94, 'Knez Mihailova 13a, Čačak', '2025-01-03 09:41:23'),
(209, 94, 'Jovana Dučića 81a, Čačak', '2024-01-05 16:08:50'),
(210, 94, 'Knez Danilova 43a, Beograd', '2024-09-20 16:45:59'),
(211, 66, 'Ustanička 198, Kraljevo', '2025-01-31 11:00:54'),
(212, 66, 'Ustanička 27b, Niš', '2024-10-10 17:33:41'),
(213, 66, 'Knez Danilova 17a, Čačak', '2025-01-28 12:03:29'),
(214, 66, 'Takovska 78a, Pančevo', '2025-12-09 21:29:42'),
(215, 66, 'Sime Lozanića 171, Kraljevo', '2025-10-14 02:24:38'),
(216, 66, 'Vojvode Stepe 77a, Novi Sad', '2024-06-22 03:34:02'),
(217, 66, 'Milutina Milankovića 117b, Novi Sad', '2024-09-06 06:15:12'),
(218, 66, 'Ruzveltova 49, Subotica', '2025-12-27 17:49:15'),
(219, 73, 'Nemanjina 31a, Zrenjanin', '2024-09-26 08:35:51'),
(220, 73, 'Zmaj Jovina 189c, Pančevo', '2025-06-25 17:29:40'),
(221, 73, 'Kralja Petra 157c, Čačak', '2025-06-12 11:01:57'),
(222, 73, 'Strahinjića Bana 85c, Novi Sad', '2024-06-18 04:54:42'),
(223, 32, 'Makedonska 141b, Novi Sad', '2024-11-18 06:00:12'),
(224, 32, 'Nemanjina 125c, Niš', '2024-10-08 00:13:28'),
(225, 64, 'Patrijarha Pavla 77b, Zrenjanin', '2025-02-20 12:06:50'),
(226, 64, 'Savska 111a, Kragujevac', '2024-11-20 11:35:23'),
(227, 64, 'Bulevar Oslobođenja 91c, Kragujevac', '2025-03-26 12:38:38'),
(228, 89, 'Vojvode Stepe 108, Kragujevac', '2024-02-24 22:06:10'),
(229, 89, 'Ustanička 136b, Subotica', '2025-04-01 03:06:53'),
(230, 89, 'Knez Mihailova 25a, Čačak', '2025-02-08 08:40:12'),
(231, 36, 'Takovska 60, Čačak', '2025-05-14 17:50:12'),
(232, 36, 'Narodnog fronta 104b, Pančevo', '2024-07-11 23:37:10'),
(233, 36, 'Cara Dušana 173b, Kragujevac', '2025-07-13 18:08:33'),
(234, 36, 'Karađorđeva 87c, Pančevo', '2025-11-01 22:45:44'),
(235, 71, 'Ustanička 74b, Kragujevac', '2025-01-12 01:46:43'),
(236, 71, 'Kralja Petra 5b, Smederevo', '2025-11-18 05:59:16'),
(237, 71, 'Jovana Dučića 94b, Subotica', '2025-10-13 09:38:06'),
(238, 71, 'Skerlićeva 179, Zrenjanin', '2025-02-10 17:54:49'),
(239, 37, 'Bulevar Mihajla Pupina 83a, Novi Sad', '2025-10-23 22:39:03'),
(240, 37, 'Ustanička 59c, Smederevo', '2025-04-29 07:47:29'),
(241, 37, 'Resavska 123, Smederevo', '2024-07-26 13:34:56'),
(242, 37, 'Zmaj Jovina 50, Niš', '2025-07-12 09:29:37'),
(243, 37, 'Ustanička 198c, Smederevo', '2025-08-13 23:17:41'),
(244, 70, 'Narodnog fronta 76b, Smederevo', '2025-10-21 04:28:14'),
(245, 70, 'Resavska 128a, Kraljevo', '2024-01-25 12:24:16'),
(246, 70, 'Beogradska 70b, Pančevo', '2024-01-10 09:18:52'),
(247, 70, 'Strahinjića Bana 107b, Niš', '2024-08-12 14:50:18'),
(248, 70, 'Karađorđeva 1a, Subotica', '2025-11-16 02:49:41'),
(249, 70, 'Bulevar Evrope 157c, Niš', '2025-07-28 23:38:12'),
(250, 70, 'Beogradska 186b, Pančevo', '2024-12-24 21:57:27'),
(251, 70, 'Strahinjića Bana 39c, Čačak', '2025-06-24 15:41:26'),
(252, 16, 'Karađorđeva 68a, Smederevo', '2024-04-10 16:13:36'),
(253, 16, 'Resavska 191, Čačak', '2025-08-20 15:11:03'),
(254, 16, 'Đorđa Vajferta 173b, Pančevo', '2024-10-12 10:35:00'),
(255, 60, 'Trg Nikole Pašića 70c, Kragujevac', '2024-10-20 01:50:14'),
(256, 60, 'Patrijarha Pavla 35, Beograd', '2024-03-01 02:21:32'),
(257, 60, 'Bulevar kralja Aleksandra 75, Kragujevac', '2024-01-03 08:55:16'),
(258, 60, 'Knez Danilova 65b, Niš', '2025-09-14 08:06:16'),
(259, 54, 'Svetog Save 134b, Kraljevo', '2024-05-10 18:41:13'),
(260, 54, 'Požeška 7, Beograd', '2024-10-30 15:11:54'),
(261, 54, 'Narodnog fronta 50, Zrenjanin', '2025-04-20 05:18:42'),
(262, 54, 'Kraljice Natalije 182c, Zrenjanin', '2024-01-15 18:42:10'),
(263, 69, 'Njegoševa 31b, Pančevo', '2025-03-11 17:47:26'),
(264, 69, 'Bulevar kralja Aleksandra 63a, Novi Sad', '2025-10-19 10:31:13'),
(265, 69, 'Resavska 172a, Čačak', '2024-04-22 11:21:55'),
(266, 69, 'Strahinjića Bana 184c, Čačak', '2025-05-24 07:17:22'),
(267, 22, 'Beogradska 181, Čačak', '2025-05-31 20:02:43'),
(268, 22, 'Ustanička 168, Niš', '2025-08-15 13:21:28'),
(269, 22, 'Jovana Dučića 76b, Zrenjanin', '2025-03-08 17:46:50'),
(270, 22, 'Ruzveltova 175a, Novi Sad', '2024-10-01 17:04:53'),
(271, 22, 'Terazije 71a, Smederevo', '2024-06-05 23:49:10'),
(272, 8, 'Narodnog fronta 129, Čačak', '2025-08-22 06:04:59'),
(273, 8, 'Njegoševa 62c, Čačak', '2025-04-30 04:03:34'),
(274, 8, 'Gundulićeva 147a, Smederevo', '2024-07-19 01:35:16'),
(275, 8, 'Kralja Petra 140a, Kragujevac', '2025-10-25 03:37:48'),
(276, 12, 'Balkanska 198b, Pančevo', '2025-02-18 11:48:56'),
(277, 12, 'Terazije 133b, Beograd', '2025-09-09 17:50:48'),
(278, 12, 'Resavska 180c, Čačak', '2024-08-11 11:06:05'),
(279, 12, 'Jovana Dučića 30b, Čačak', '2025-05-01 16:54:14'),
(280, 12, 'Bulevar kralja Aleksandra 123, Kraljevo', '2024-08-16 22:42:36'),
(281, 63, 'Bulevar kralja Aleksandra 145, Novi Sad', '2024-06-07 11:14:57'),
(282, 52, 'Zmaj Jovina 80b, Kragujevac', '2025-12-22 11:53:05'),
(283, 52, 'Knez Mihailova 111a, Kragujevac', '2024-05-14 13:38:30'),
(284, 52, 'Ruzveltova 153, Pančevo', '2024-04-09 12:24:33'),
(285, 52, 'Skerlićeva 183c, Smederevo', '2025-11-12 00:09:32'),
(286, 25, 'Skerlićeva 23b, Subotica', '2024-03-29 19:11:45'),
(287, 25, 'Ruzveltova 60b, Zrenjanin', '2024-11-23 03:28:49'),
(288, 25, 'Bulevar Mihajla Pupina 27, Beograd', '2024-06-16 08:46:53'),
(289, 25, 'Sime Lozanića 33a, Kragujevac', '2024-03-17 08:12:45'),
(290, 25, 'Terazije 144a, Zrenjanin', '2024-08-31 13:49:22'),
(291, 90, 'Makedonska 87a, Kragujevac', '2024-01-16 13:06:07'),
(292, 90, 'Njegoševa 166, Niš', '2025-10-12 14:57:07'),
(293, 34, 'Makedonska 59a, Čačak', '2024-02-21 01:09:39'),
(294, 34, 'Patrijarha Pavla 137a, Pančevo', '2025-08-15 17:23:50'),
(295, 34, 'Svetog Save 33c, Novi Sad', '2025-08-28 04:08:44'),
(296, 34, 'Savska 81b, Kragujevac', '2024-02-13 07:18:07'),
(297, 34, 'Savska 134, Kragujevac', '2025-08-14 00:43:49'),
(298, 87, 'Karađorđeva 79c, Zrenjanin', '2025-12-22 01:24:37'),
(299, 87, 'Skerlićeva 164c, Zrenjanin', '2024-02-29 04:50:36'),
(300, 87, 'Kralja Petra 30a, Subotica', '2025-10-07 12:34:48'),
(301, 87, 'Gundulićeva 137, Kragujevac', '2025-07-12 08:03:58'),
(302, 87, 'Bulevar Mihajla Pupina 77a, Niš', '2024-09-04 19:48:39'),
(303, 1, 'Makedonska 99, Niš', '2025-06-11 13:55:48'),
(304, 1, 'Bulevar Oslobođenja 107b, Zrenjanin', '2024-08-14 03:57:38'),
(305, 1, 'Strahinjića Bana 10b, Kraljevo', '2024-08-05 12:21:44'),
(306, 1, 'Balkanska 28b, Smederevo', '2024-03-19 13:04:32'),
(307, 93, 'Zmaj Jovina 33b, Subotica', '2024-01-03 02:12:25'),
(308, 93, 'Nemanjina 153a, Kraljevo', '2024-11-19 00:56:16'),
(309, 93, 'Požeška 35, Zrenjanin', '2024-10-03 14:42:58'),
(310, 93, 'Patrijarha Pavla 86b, Niš', '2025-05-29 18:14:40'),
(311, 93, 'Požeška 153, Novi Sad', '2024-03-15 19:53:46'),
(312, 93, 'Milutina Milankovića 66, Novi Sad', '2025-09-14 11:38:32'),
(313, 96, 'Kraljice Natalije 125a, Subotica', '2025-01-23 20:32:33'),
(314, 96, 'Resavska 105a, Kragujevac', '2024-01-23 12:10:18'),
(315, 96, 'Trg Nikole Pašića 102a, Čačak', '2024-06-12 17:22:11'),
(316, 79, 'Narodnog fronta 100, Kraljevo', '2024-09-26 01:59:58'),
(317, 79, 'Ustanička 138, Kraljevo', '2024-03-01 23:03:59'),
(318, 79, 'Savska 116, Smederevo', '2024-04-19 20:23:46'),
(319, 56, 'Kralja Petra 129, Subotica', '2024-07-31 11:45:57'),
(320, 56, 'Balkanska 79a, Čačak', '2025-09-28 08:55:51'),
(321, 56, 'Milutina Milankovića 6c, Čačak', '2024-05-30 16:01:25'),
(322, 76, 'Karađorđeva 191b, Kraljevo', '2025-08-23 22:08:49'),
(323, 76, 'Trg Nikole Pašića 115, Kraljevo', '2025-05-15 04:52:51'),
(324, 51, 'Cara Dušana 108a, Zrenjanin', '2025-06-21 08:54:32'),
(325, 51, 'Knez Danilova 139, Smederevo', '2024-06-24 23:48:01'),
(326, 51, 'Gundulićeva 3, Zrenjanin', '2025-03-22 21:13:58'),
(327, 51, 'Knez Mihailova 129b, Subotica', '2024-05-31 09:21:54'),
(328, 51, 'Đorđa Vajferta 119b, Smederevo', '2025-07-24 07:23:00'),
(329, 51, 'Bulevar kralja Aleksandra 89c, Smederevo', '2024-04-22 19:32:08'),
(330, 51, 'Ruzveltova 134c, Kraljevo', '2025-03-12 13:57:59'),
(331, 51, 'Bulevar Mihajla Pupina 86, Niš', '2024-07-31 18:11:01'),
(332, 48, 'Njegoševa 137, Niš', '2025-08-13 19:54:17'),
(333, 48, 'Sime Lozanića 112c, Smederevo', '2024-03-06 06:19:10'),
(334, 48, 'Bulevar kralja Aleksandra 91b, Novi Sad', '2025-10-15 23:17:11'),
(335, 48, 'Bulevar kralja Aleksandra 22, Subotica', '2025-07-21 07:12:51'),
(336, 48, 'Beogradska 131c, Smederevo', '2025-10-27 12:05:08'),
(337, 18, 'Knez Danilova 139c, Novi Sad', '2024-11-23 00:17:50'),
(338, 18, 'Nemanjina 74, Beograd', '2025-11-24 11:52:07'),
(339, 18, 'Knez Danilova 143, Kraljevo', '2025-03-22 06:13:51'),
(340, 18, 'Heroja sa Košara 176, Pančevo', '2025-03-10 02:16:05'),
(341, 86, 'Cara Dušana 70, Zrenjanin', '2025-09-27 11:44:30'),
(342, 86, 'Narodnog fronta 186b, Pančevo', '2025-05-16 20:10:29'),
(343, 86, 'Sime Lozanića 61c, Subotica', '2024-02-03 20:47:45'),
(344, 86, 'Milutina Milankovića 18b, Smederevo', '2025-11-23 09:58:22'),
(345, 86, 'Patrijarha Pavla 88, Zrenjanin', '2024-10-27 05:05:20'),
(346, 38, 'Bulevar Evrope 4c, Smederevo', '2024-02-08 00:31:11'),
(347, 38, 'Cara Dušana 115a, Subotica', '2024-06-02 17:53:41'),
(348, 38, 'Ustanička 77a, Čačak', '2024-01-16 07:46:18'),
(349, 38, 'Milutina Milankovića 82, Subotica', '2025-03-15 22:15:36'),
(350, 99, 'Jovana Dučića 136c, Kraljevo', '2025-10-28 19:31:17'),
(351, 99, 'Ruzveltova 166, Smederevo', '2024-08-11 03:50:05'),
(352, 99, 'Skerlićeva 116, Zrenjanin', '2025-08-19 23:52:40'),
(353, 43, 'Knez Mihailova 115a, Kraljevo', '2024-08-10 03:59:52'),
(354, 43, 'Knez Mihailova 110c, Kragujevac', '2025-08-22 18:15:52'),
(355, 43, 'Požeška 38, Kragujevac', '2024-12-07 20:18:50'),
(356, 29, 'Trg Nikole Pašića 106c, Beograd', '2024-10-30 01:57:04'),
(357, 29, 'Sime Lozanića 87b, Niš', '2025-03-22 06:34:32'),
(358, 29, 'Jovana Dučića 153c, Novi Sad', '2024-07-25 03:07:41'),
(359, 29, 'Gundulićeva 39a, Čačak', '2025-05-16 00:51:52'),
(360, 41, 'Kralja Petra 68c, Subotica', '2024-07-24 23:25:07'),
(361, 41, 'Makedonska 23a, Kragujevac', '2024-05-28 15:59:57'),
(362, 41, 'Vojvode Stepe 195c, Kraljevo', '2024-01-07 23:07:39'),
(363, 46, 'Knez Mihailova 52c, Pančevo', '2025-05-07 05:37:55'),
(364, 46, 'Bulevar Evrope 11, Beograd', '2024-12-14 10:35:28'),
(365, 46, 'Patrijarha Pavla 72, Kragujevac', '2025-11-17 15:02:28'),
(366, 46, 'Savska 29c, Kragujevac', '2025-12-26 09:31:16'),
(367, 46, 'Kralja Petra 178, Pančevo', '2025-05-24 23:38:34'),
(368, 46, 'Svetog Save 182a, Pančevo', '2024-12-23 21:11:11'),
(369, 75, 'Balkanska 117b, Niš', '2024-04-02 09:57:46'),
(370, 75, 'Bulevar Oslobođenja 25a, Subotica', '2024-02-13 22:40:17'),
(371, 75, 'Đorđa Vajferta 45b, Pančevo', '2024-10-20 01:56:37'),
(372, 75, 'Vojvode Mišića 184b, Beograd', '2024-12-30 16:00:17'),
(373, 44, 'Zmaj Jovina 10, Kragujevac', '2025-04-22 10:55:58'),
(374, 44, 'Balkanska 96b, Čačak', '2025-05-23 14:34:33'),
(375, 44, 'Bulevar Evrope 23b, Subotica', '2024-08-30 06:07:30'),
(376, 78, 'Narodnog fronta 125c, Pančevo', '2024-09-29 23:13:01'),
(377, 78, 'Strahinjića Bana 1b, Smederevo', '2024-08-21 03:19:01'),
(378, 78, 'Takovska 135c, Novi Sad', '2024-11-26 01:13:59'),
(379, 78, 'Terazije 188, Pančevo', '2025-10-18 21:19:34'),
(380, 78, 'Resavska 161, Kragujevac', '2024-04-16 19:44:08'),
(381, 78, 'Trg Nikole Pašića 167a, Kragujevac', '2024-06-15 08:49:59'),
(382, 57, 'Gundulićeva 70, Kragujevac', '2024-03-11 07:19:41'),
(383, 57, 'Sime Lozanića 169a, Kraljevo', '2025-10-30 15:39:58'),
(384, 57, 'Kraljice Natalije 124, Zrenjanin', '2025-07-20 10:04:35'),
(385, 57, 'Bulevar Mihajla Pupina 79c, Čačak', '2025-01-11 20:51:08'),
(386, 57, 'Terazije 39c, Zrenjanin', '2024-10-25 06:10:20'),
(387, 2, 'Bulevar kralja Aleksandra 168, Novi Sad', '2024-10-07 10:02:31'),
(388, 2, 'Patrijarha Pavla 177, Zrenjanin', '2025-02-25 06:35:39'),
(389, 2, 'Sime Lozanića 123c, Čačak', '2024-02-19 06:59:44'),
(390, 2, 'Vojvode Stepe 110, Kragujevac', '2025-08-22 15:15:45'),
(391, 2, 'Bulevar Oslobođenja 9c, Subotica', '2025-10-01 18:14:02'),
(392, 2, 'Jovana Dučića 117a, Pančevo', '2024-02-10 00:43:08'),
(393, 2, 'Patrijarha Pavla 3a, Niš', '2025-05-25 22:16:24'),
(394, 2, 'Ustanička 76b, Pančevo', '2025-07-09 15:10:41'),
(395, 85, 'Ruzveltova 1c, Čačak', '2025-02-26 10:02:35'),
(396, 85, 'Milutina Milankovića 31b, Zrenjanin', '2024-12-11 11:42:47'),
(397, 85, 'Knez Danilova 73c, Novi Sad', '2025-11-23 03:32:13'),
(398, 85, 'Takovska 184c, Zrenjanin', '2025-03-25 23:27:07'),
(399, 85, 'Kralja Petra 21c, Subotica', '2024-01-25 06:05:48'),
(400, 85, 'Ustanička 191, Beograd', '2024-03-23 04:55:43'),
(401, 85, 'Milutina Milankovića 167a, Kragujevac', '2025-05-07 23:02:40'),
(402, 83, 'Sime Lozanića 112b, Niš', '2024-07-23 20:58:32'),
(403, 83, 'Savska 46b, Novi Sad', '2025-10-07 18:59:28'),
(404, 83, 'Kraljice Natalije 21a, Smederevo', '2025-05-15 14:56:50'),
(405, 83, 'Bulevar Evrope 190a, Kraljevo', '2024-03-29 12:10:43'),
(406, 83, 'Patrijarha Pavla 173, Kragujevac', '2024-10-16 19:19:27'),
(407, 26, 'Beogradska 42, Niš', '2025-01-03 18:11:08'),
(408, 26, 'Nemanjina 68b, Niš', '2024-10-19 06:59:31'),
(409, 19, 'Sime Lozanića 68b, Čačak', '2024-09-02 17:15:05'),
(410, 19, 'Savska 95b, Smederevo', '2024-11-01 03:21:16'),
(411, 19, 'Knez Mihailova 33c, Kragujevac', '2024-10-04 11:17:41'),
(412, 19, 'Bulevar Evrope 103c, Niš', '2025-07-22 22:17:14'),
(413, 15, 'Skerlićeva 80b, Niš', '2025-07-15 21:51:53'),
(414, 15, 'Jovana Dučića 74a, Niš', '2025-04-15 04:27:43'),
(415, 15, 'Bulevar Mihajla Pupina 36c, Novi Sad', '2024-09-03 21:51:49'),
(416, 15, 'Strahinjića Bana 184c, Kraljevo', '2024-08-03 03:55:27'),
(417, 15, 'Cara Dušana 112c, Beograd', '2025-01-15 16:04:44'),
(418, 72, 'Makedonska 163a, Niš', '2025-08-15 20:05:52'),
(419, 72, 'Bulevar Oslobođenja 163, Pančevo', '2025-05-21 18:17:03'),
(420, 81, 'Ustanička 56, Subotica', '2024-02-19 21:23:35'),
(421, 81, 'Vojvode Mišića 133c, Zrenjanin', '2024-02-25 13:01:05'),
(422, 28, 'Svetog Save 59c, Pančevo', '2025-06-25 06:59:20'),
(423, 28, 'Ruzveltova 168, Beograd', '2025-07-04 01:23:23'),
(424, 28, 'Vojvode Mišića 186c, Kraljevo', '2025-01-13 06:26:08'),
(425, 28, 'Njegoševa 181c, Zrenjanin', '2024-12-05 10:53:23'),
(426, 28, 'Savska 100b, Smederevo', '2024-02-27 11:24:10'),
(427, 58, 'Strahinjića Bana 110a, Kragujevac', '2024-07-19 05:41:10'),
(428, 58, 'Patrijarha Pavla 24a, Zrenjanin', '2024-11-03 14:44:26'),
(429, 39, 'Bulevar kralja Aleksandra 63a, Kraljevo', '2024-11-20 19:37:51'),
(430, 39, 'Gundulićeva 48a, Zrenjanin', '2024-01-17 13:46:25'),
(431, 39, 'Bulevar Mihajla Pupina 138b, Subotica', '2024-09-10 21:48:54'),
(432, 39, 'Heroja sa Košara 116a, Zrenjanin', '2025-03-22 05:32:00'),
(433, 39, 'Ruzveltova 7b, Smederevo', '2024-08-10 03:50:22'),
(434, 39, 'Ustanička 96c, Subotica', '2024-12-13 09:20:33'),
(435, 67, 'Kralja Petra 126b, Smederevo', '2024-10-06 14:32:06'),
(436, 67, 'Makedonska 110, Pančevo', '2024-04-24 11:57:18'),
(437, 67, 'Trg Nikole Pašića 9a, Kragujevac', '2025-06-09 05:47:53'),
(438, 33, 'Milutina Milankovića 62a, Pančevo', '2025-04-08 23:51:21'),
(439, 33, 'Gundulićeva 5a, Subotica', '2025-05-25 19:11:16'),
(440, 33, 'Ustanička 175a, Kraljevo', '2024-12-12 15:37:14'),
(441, 33, 'Bulevar kralja Aleksandra 120b, Subotica', '2024-11-19 04:37:55'),
(442, 33, 'Sime Lozanića 200c, Novi Sad', '2024-11-13 23:59:05'),
(443, 33, 'Bulevar Oslobođenja 110a, Beograd', '2025-08-09 05:46:55'),
(444, 42, 'Bulevar Evrope 183c, Beograd', '2024-10-11 12:19:06'),
(445, 42, 'Jovana Dučića 29a, Novi Sad', '2025-12-24 23:03:04'),
(446, 42, 'Svetog Save 153b, Čačak', '2025-06-12 05:00:34'),
(447, 91, 'Sime Lozanića 128b, Novi Sad', '2024-05-20 18:28:51'),
(448, 91, 'Patrijarha Pavla 137c, Novi Sad', '2024-09-07 05:10:18'),
(449, 91, 'Nemanjina 42a, Smederevo', '2025-12-20 18:44:03'),
(450, 91, 'Knez Mihailova 2, Niš', '2025-11-15 19:02:26'),
(451, 4, 'Takovska 67, Zrenjanin', '2025-06-21 20:37:36'),
(452, 4, 'Kraljice Natalije 11c, Smederevo', '2025-11-07 10:56:26'),
(453, 4, 'Bulevar Oslobođenja 62, Kraljevo', '2025-12-17 13:40:07'),
(454, 4, 'Patrijarha Pavla 169a, Kragujevac', '2025-06-24 07:01:02'),
(455, 10, 'Narodnog fronta 89b, Kragujevac', '2024-06-21 13:16:18'),
(456, 10, 'Vojvode Mišića 92b, Smederevo', '2024-03-19 11:44:44'),
(457, 10, 'Gundulićeva 29b, Subotica', '2025-07-25 11:16:35'),
(458, 10, 'Bulevar Oslobođenja 49, Niš', '2025-07-24 07:54:58'),
(459, 10, 'Jovana Dučića 48a, Čačak', '2024-07-14 22:53:46'),
(460, 40, 'Savska 126b, Pančevo', '2024-06-15 17:44:59'),
(461, 40, 'Resavska 173, Kragujevac', '2025-10-09 01:53:24'),
(462, 40, 'Svetog Save 155, Čačak', '2025-08-17 00:51:41'),
(463, 80, 'Kralja Petra 76, Kraljevo', '2024-06-26 02:46:33'),
(464, 80, 'Ustanička 155b, Pančevo', '2025-08-07 22:16:41'),
(465, 80, 'Bulevar kralja Aleksandra 22, Novi Sad', '2024-03-09 09:34:19'),
(466, 84, 'Jovana Dučića 88a, Pančevo', '2024-09-19 04:02:19'),
(467, 84, 'Sime Lozanića 50c, Pančevo', '2025-09-28 02:03:25'),
(468, 97, 'Balkanska 180a, Kragujevac', '2024-06-15 06:37:52'),
(469, 97, 'Svetog Save 65, Smederevo', '2024-01-21 18:33:28'),
(470, 97, 'Vojvode Stepe 105c, Niš', '2024-01-05 14:07:08'),
(471, 97, 'Savska 192c, Niš', '2024-05-15 18:19:17'),
(472, 97, 'Resavska 31, Beograd', '2024-01-03 23:59:46'),
(473, 61, 'Bulevar Evrope 128c, Niš', '2025-05-15 15:58:20'),
(474, 61, 'Terazije 123c, Novi Sad', '2024-04-25 12:16:40'),
(475, 61, 'Savska 184, Kragujevac', '2025-10-11 08:00:28'),
(476, 61, 'Ruzveltova 61c, Niš', '2025-03-24 05:02:31'),
(477, 61, 'Knez Mihailova 101, Čačak', '2024-07-08 18:53:13'),
(478, 82, 'Savska 59a, Subotica', '2024-08-31 00:04:28'),
(479, 82, 'Kralja Petra 28a, Subotica', '2024-12-07 02:52:22'),
(480, 14, 'Beogradska 167a, Pančevo', '2025-06-04 06:52:31'),
(481, 14, 'Terazije 78c, Smederevo', '2024-08-16 19:56:46'),
(482, 21, 'Ustanička 27a, Kragujevac', '2024-12-09 21:26:53'),
(483, 100, 'Milutina Milankovića 17c, Pančevo', '2024-03-10 11:54:49'),
(484, 100, 'Strahinjića Bana 55b, Zrenjanin', '2025-12-27 23:05:48'),
(485, 100, 'Strahinjića Bana 52, Pančevo', '2024-08-13 06:14:03'),
(486, 68, 'Resavska 156c, Kraljevo', '2024-06-12 19:11:04'),
(487, 68, 'Heroja sa Košara 199c, Čačak', '2024-08-21 10:23:37'),
(488, 68, 'Nemanjina 16c, Kragujevac', '2024-11-13 08:52:52'),
(489, 68, 'Gundulićeva 107a, Novi Sad', '2025-07-13 22:34:39'),
(490, 68, 'Bulevar kralja Aleksandra 131c, Niš', '2024-06-08 18:42:31'),
(491, 68, 'Savska 19a, Kragujevac', '2025-10-12 20:04:15'),
(492, 68, 'Sime Lozanića 82b, Kragujevac', '2025-02-27 00:16:34'),
(493, 95, 'Kralja Petra 117, Čačak', '2024-06-28 10:25:17'),
(494, 95, 'Trg Nikole Pašića 178, Niš', '2024-02-01 12:15:20'),
(495, 98, 'Cara Dušana 50a, Niš', '2024-01-10 08:44:45'),
(496, 98, 'Bulevar Evrope 125c, Kragujevac', '2024-01-01 21:53:17'),
(497, 17, 'Heroja sa Košara 7a, Novi Sad', '2025-12-03 16:08:47'),
(498, 55, 'Strahinjića Bana 161c, Subotica', '2025-05-02 03:53:56'),
(499, 92, 'Đorđa Vajferta 154a, Novi Sad', '2025-11-30 13:08:49'),
(500, 62, 'Heroja sa Košara 192, Kraljevo', '2024-03-20 09:20:43'),
(501, 1, 'Nepoznato BB', '2025-09-14 14:06:37'),
(502, 1, 'Nepoznato BB', '2025-09-14 14:10:54'),
(503, 1, 'Nepoznato BB', '2025-09-14 14:12:11'),
(504, 1, 'Nepoznato BB', '2025-09-14 14:13:07'),
(505, 1, 'Nepoznato BB', '2025-09-14 14:13:26'),
(506, 30, 'Nepoznato BB', '2025-09-14 17:09:20');

-- --------------------------------------------------------

--
-- Table structure for table `orders_products`
--

CREATE TABLE `orders_products` (
  `id` int(11) UNSIGNED NOT NULL,
  `order_id` int(11) UNSIGNED NOT NULL,
  `product_id` int(11) UNSIGNED NOT NULL,
  `quantity` int(11) UNSIGNED NOT NULL
) ENGINE=InnoDB DEFAULT CHARSET=utf8mb4 COLLATE=utf8mb4_general_ci;

--
-- Dumping data for table `orders_products`
--

INSERT INTO `orders_products` (`id`, `order_id`, `product_id`, `quantity`) VALUES
(1, 1, 10, 2),
(2, 2, 3, 1),
(3, 2, 2, 3),
(4, 2, 11, 3),
(5, 3, 2, 2),
(6, 3, 10, 3),
(7, 3, 3, 3),
(8, 4, 8, 3),
(9, 4, 9, 1),
(10, 4, 11, 1),
(11, 5, 9, 1),
(12, 5, 4, 2),
(13, 5, 1, 2),
(14, 6, 10, 1),
(15, 6, 1, 1),
(16, 7, 4, 1),
(17, 7, 2, 1),
(18, 8, 3, 1),
(19, 8, 10, 3),
(20, 8, 11, 3),
(21, 9, 9, 5),
(22, 9, 6, 2),
(23, 9, 2, 3),
(24, 9, 1, 3),
(25, 9, 11, 3),
(26, 9, 3, 5),
(27, 9, 4, 5),
(28, 9, 10, 2),
(29, 9, 5, 4),
(30, 9, 8, 6),
(31, 9, 7, 5),
(32, 10, 9, 3),
(33, 10, 11, 2),
(34, 11, 2, 2),
(35, 12, 11, 4),
(36, 12, 9, 5),
(37, 12, 3, 5),
(38, 12, 2, 4),
(39, 12, 1, 5),
(40, 12, 4, 5),
(41, 12, 10, 4),
(42, 12, 7, 4),
(43, 12, 8, 3),
(44, 12, 5, 2),
(45, 12, 6, 5),
(46, 13, 2, 2),
(47, 13, 4, 3),
(48, 14, 1, 1),
(49, 15, 2, 1),
(50, 15, 9, 1),
(51, 15, 11, 1),
(52, 16, 2, 3),
(53, 16, 4, 2),
(54, 16, 11, 2),
(55, 17, 4, 1),
(56, 18, 11, 3),
(57, 19, 10, 1),
(58, 19, 6, 3),
(59, 19, 8, 3),
(60, 20, 8, 1),
(61, 21, 1, 3),
(62, 21, 3, 3),
(63, 21, 5, 5),
(64, 21, 9, 2),
(65, 21, 4, 2),
(66, 21, 11, 4),
(67, 21, 2, 6),
(68, 21, 8, 6),
(69, 21, 10, 5),
(70, 21, 7, 6),
(71, 21, 6, 3),
(72, 22, 10, 3),
(73, 23, 1, 2),
(74, 24, 10, 2),
(75, 25, 3, 8),
(76, 25, 6, 4),
(77, 25, 9, 4),
(78, 25, 2, 4),
(79, 25, 11, 6),
(80, 25, 8, 3),
(81, 25, 10, 6),
(82, 25, 3, 4),
(83, 25, 9, 7),
(84, 25, 9, 3),
(85, 25, 11, 7),
(86, 25, 11, 6),
(87, 25, 9, 7),
(88, 25, 3, 5),
(89, 25, 7, 8),
(90, 25, 10, 5),
(91, 25, 11, 6),
(92, 25, 9, 7),
(93, 25, 4, 3),
(94, 25, 10, 8),
(95, 25, 8, 5),
(96, 25, 2, 4),
(97, 25, 4, 4),
(98, 25, 4, 6),
(99, 25, 10, 7),
(100, 25, 10, 5),
(101, 25, 11, 8),
(102, 25, 4, 3),
(103, 25, 11, 4),
(104, 26, 4, 2),
(105, 26, 3, 1),
(106, 27, 7, 2),
(107, 28, 9, 1),
(108, 29, 1, 2),
(109, 29, 2, 1),
(110, 29, 3, 1),
(111, 30, 1, 3),
(112, 30, 3, 1),
(113, 31, 2, 1),
(114, 31, 4, 2),
(115, 32, 9, 3),
(116, 32, 1, 1),
(117, 32, 3, 2),
(118, 33, 4, 1),
(119, 33, 1, 2),
(120, 34, 9, 3),
(121, 34, 6, 2),
(122, 34, 3, 1),
(123, 35, 1, 3),
(124, 35, 4, 1),
(125, 36, 10, 1),
(126, 36, 9, 1),
(127, 36, 4, 2),
(128, 37, 4, 3),
(129, 37, 9, 6),
(130, 37, 2, 4),
(131, 37, 7, 6),
(132, 37, 3, 4),
(133, 37, 9, 3),
(134, 37, 8, 6),
(135, 37, 9, 8),
(136, 37, 10, 4),
(137, 37, 11, 3),
(138, 37, 2, 3),
(139, 37, 11, 5),
(140, 37, 10, 8),
(141, 37, 2, 3),
(142, 37, 1, 3),
(143, 37, 8, 4),
(144, 37, 5, 7),
(145, 37, 6, 5),
(146, 37, 10, 4),
(147, 37, 11, 8),
(148, 37, 8, 6),
(149, 37, 2, 7),
(150, 37, 2, 5),
(151, 38, 1, 1),
(152, 38, 11, 2),
(153, 38, 5, 2),
(154, 39, 8, 1),
(155, 39, 1, 1),
(156, 40, 3, 3),
(157, 40, 8, 2),
(158, 40, 10, 3),
(159, 41, 8, 1),
(160, 42, 9, 2),
(161, 43, 8, 1),
(162, 43, 11, 2),
(163, 44, 9, 1),
(164, 44, 3, 1),
(165, 44, 10, 3),
(166, 45, 10, 1),
(167, 45, 9, 3),
(168, 45, 4, 1),
(169, 46, 9, 1),
(170, 47, 8, 3),
(171, 47, 10, 1),
(172, 48, 10, 2),
(173, 48, 8, 3),
(174, 48, 3, 3),
(175, 48, 1, 4),
(176, 48, 11, 6),
(177, 48, 2, 2),
(178, 48, 6, 3),
(179, 48, 9, 5),
(180, 48, 4, 5),
(181, 48, 5, 6),
(182, 49, 10, 2),
(183, 49, 9, 3),
(184, 50, 4, 5),
(185, 50, 3, 4),
(186, 50, 8, 2),
(187, 50, 1, 5),
(188, 50, 9, 6),
(189, 50, 11, 3),
(190, 50, 10, 4),
(191, 50, 2, 2),
(192, 51, 1, 2),
(193, 51, 10, 1),
(194, 52, 10, 3),
(195, 52, 2, 2),
(196, 52, 6, 3),
(197, 53, 2, 3),
(198, 53, 1, 2),
(199, 54, 2, 2),
(200, 54, 6, 3),
(201, 55, 1, 3),
(202, 56, 9, 2),
(203, 56, 10, 1),
(204, 57, 1, 3),
(205, 57, 6, 2),
(206, 58, 10, 1),
(207, 58, 2, 3),
(208, 59, 3, 1),
(209, 59, 8, 2),
(210, 60, 8, 2),
(211, 60, 7, 3),
(212, 60, 1, 3),
(213, 61, 11, 1),
(214, 61, 8, 1),
(215, 62, 3, 3),
(216, 63, 11, 1),
(217, 63, 2, 1),
(218, 63, 3, 2),
(219, 64, 1, 3),
(220, 65, 2, 2),
(221, 66, 10, 3),
(222, 67, 4, 2),
(223, 67, 2, 6),
(224, 67, 9, 5),
(225, 67, 8, 3),
(226, 67, 10, 5),
(227, 67, 7, 3),
(228, 67, 6, 5),
(229, 67, 3, 5),
(230, 67, 11, 4),
(231, 67, 1, 2),
(232, 67, 5, 6),
(233, 68, 3, 1),
(234, 69, 2, 2),
(235, 69, 5, 2),
(236, 70, 11, 3),
(237, 70, 1, 1),
(238, 71, 9, 3),
(239, 71, 6, 2),
(240, 72, 9, 3),
(241, 72, 10, 2),
(242, 72, 3, 2),
(243, 73, 2, 3),
(244, 73, 9, 3),
(245, 73, 8, 3),
(246, 74, 3, 2),
(247, 75, 1, 3),
(248, 76, 9, 1),
(249, 76, 10, 3),
(250, 76, 1, 3),
(251, 77, 2, 1),
(252, 77, 3, 2),
(253, 77, 4, 3),
(254, 78, 1, 1),
(255, 78, 10, 3),
(256, 78, 11, 2),
(257, 79, 8, 2),
(258, 79, 2, 3),
(259, 79, 11, 2),
(260, 80, 2, 2),
(261, 80, 11, 3),
(262, 81, 1, 2),
(263, 81, 9, 1),
(264, 82, 4, 3),
(265, 82, 1, 3),
(266, 83, 10, 2),
(267, 84, 1, 2),
(268, 84, 9, 2),
(269, 84, 11, 1),
(270, 85, 9, 2),
(271, 85, 10, 2),
(272, 86, 4, 3),
(273, 87, 3, 3),
(274, 87, 2, 2),
(275, 88, 11, 2),
(276, 88, 9, 2),
(277, 89, 1, 3),
(278, 89, 2, 2),
(279, 90, 8, 3),
(280, 91, 4, 1),
(281, 92, 9, 2),
(282, 92, 1, 1),
(283, 92, 4, 3),
(284, 93, 2, 3),
(285, 93, 3, 3),
(286, 94, 4, 3),
(287, 94, 8, 1),
(288, 95, 11, 3),
(289, 95, 9, 1),
(290, 95, 10, 3),
(291, 96, 9, 2),
(292, 97, 3, 3),
(293, 97, 11, 3),
(294, 98, 3, 3),
(295, 98, 4, 4),
(296, 98, 1, 5),
(297, 98, 10, 5),
(298, 98, 9, 3),
(299, 98, 2, 3),
(300, 98, 11, 3),
(301, 98, 7, 5),
(302, 98, 8, 2),
(303, 98, 6, 4),
(304, 98, 5, 3),
(305, 99, 11, 7),
(306, 99, 8, 8),
(307, 99, 11, 7),
(308, 99, 8, 5),
(309, 99, 3, 7),
(310, 99, 2, 5),
(311, 99, 8, 7),
(312, 99, 11, 7),
(313, 99, 4, 8),
(314, 99, 7, 5),
(315, 99, 3, 5),
(316, 99, 2, 6),
(317, 99, 9, 8),
(318, 99, 2, 7),
(319, 99, 9, 8),
(320, 99, 8, 7),
(321, 99, 8, 3),
(322, 99, 8, 3),
(323, 99, 3, 5),
(324, 99, 1, 3),
(325, 99, 10, 4),
(326, 100, 3, 3),
(327, 100, 2, 1),
(328, 100, 9, 2),
(329, 101, 5, 3),
(330, 101, 4, 1),
(331, 101, 10, 3),
(332, 102, 1, 1),
(333, 102, 8, 3),
(334, 103, 10, 1),
(335, 104, 3, 2),
(336, 105, 1, 1),
(337, 105, 10, 1),
(338, 105, 4, 2),
(339, 106, 11, 1),
(340, 106, 9, 1),
(341, 107, 8, 3),
(342, 107, 9, 2),
(343, 107, 3, 1),
(344, 108, 8, 3),
(345, 109, 1, 1),
(346, 109, 6, 2),
(347, 109, 9, 3),
(348, 110, 5, 2),
(349, 111, 3, 2),
(350, 111, 4, 3),
(351, 111, 5, 3),
(352, 112, 10, 2),
(353, 113, 8, 2),
(354, 113, 2, 2),
(355, 114, 3, 2),
(356, 114, 2, 3),
(357, 115, 8, 1),
(358, 116, 11, 1),
(359, 116, 7, 1),
(360, 117, 11, 1),
(361, 117, 1, 2),
(362, 118, 11, 2),
(363, 119, 3, 3),
(364, 119, 4, 1),
(365, 120, 3, 3),
(366, 120, 9, 3),
(367, 121, 4, 5),
(368, 121, 9, 2),
(369, 121, 3, 6),
(370, 121, 1, 3),
(371, 121, 10, 3),
(372, 121, 11, 6),
(373, 121, 7, 4),
(374, 121, 8, 4),
(375, 122, 4, 2),
(376, 123, 10, 3),
(377, 124, 3, 1),
(378, 125, 4, 1),
(379, 125, 2, 3),
(380, 125, 8, 3),
(381, 126, 3, 1),
(382, 126, 5, 2),
(383, 127, 11, 2),
(384, 127, 10, 3),
(385, 128, 10, 2),
(386, 128, 3, 3),
(387, 129, 8, 1),
(388, 130, 2, 3),
(389, 131, 10, 5),
(390, 131, 3, 6),
(391, 131, 11, 2),
(392, 131, 9, 4),
(393, 131, 8, 3),
(394, 131, 2, 3),
(395, 131, 6, 2),
(396, 131, 4, 3),
(397, 131, 1, 3),
(398, 132, 3, 3),
(399, 133, 3, 2),
(400, 133, 8, 3),
(401, 133, 10, 3),
(402, 134, 9, 7),
(403, 134, 2, 5),
(404, 134, 1, 6),
(405, 134, 10, 7),
(406, 134, 9, 8),
(407, 134, 1, 3),
(408, 134, 11, 4),
(409, 134, 5, 7),
(410, 134, 11, 8),
(411, 134, 8, 5),
(412, 134, 1, 5),
(413, 134, 9, 4),
(414, 134, 8, 7),
(415, 134, 9, 7),
(416, 134, 4, 3),
(417, 134, 5, 3),
(418, 134, 4, 6),
(419, 134, 8, 3),
(420, 134, 9, 6),
(421, 134, 4, 7),
(422, 134, 1, 3),
(423, 134, 11, 5),
(424, 134, 3, 8),
(425, 134, 11, 3),
(426, 134, 5, 6),
(427, 135, 11, 3),
(428, 135, 4, 3),
(429, 135, 8, 2),
(430, 135, 1, 2),
(431, 135, 9, 6),
(432, 135, 2, 3),
(433, 135, 3, 3),
(434, 135, 6, 3),
(435, 135, 7, 4),
(436, 136, 4, 2),
(437, 136, 2, 3),
(438, 137, 4, 3),
(439, 138, 2, 2),
(440, 139, 9, 2),
(441, 139, 1, 3),
(442, 139, 5, 1),
(443, 140, 8, 1),
(444, 140, 11, 3),
(445, 141, 2, 3),
(446, 141, 11, 2),
(447, 141, 8, 2),
(448, 142, 9, 3),
(449, 142, 8, 3),
(450, 142, 4, 1),
(451, 143, 3, 1),
(452, 143, 8, 1),
(453, 144, 2, 2),
(454, 144, 3, 1),
(455, 145, 11, 3),
(456, 145, 10, 2),
(457, 145, 1, 3),
(458, 146, 6, 1),
(459, 147, 8, 2),
(460, 147, 7, 3),
(461, 147, 2, 3),
(462, 148, 8, 3),
(463, 148, 4, 2),
(464, 148, 3, 2),
(465, 149, 11, 3),
(466, 150, 11, 3),
(467, 150, 9, 3),
(468, 151, 8, 3),
(469, 151, 4, 2),
(470, 152, 11, 3),
(471, 152, 2, 3),
(472, 152, 4, 1),
(473, 153, 8, 1),
(474, 153, 3, 1),
(475, 153, 9, 3),
(476, 154, 8, 2),
(477, 155, 8, 3),
(478, 156, 3, 1),
(479, 156, 2, 1),
(480, 156, 11, 2),
(481, 157, 3, 1),
(482, 157, 11, 3),
(483, 157, 8, 2),
(484, 158, 1, 6),
(485, 158, 9, 4),
(486, 158, 11, 4),
(487, 158, 5, 6),
(488, 158, 4, 4),
(489, 158, 10, 2),
(490, 158, 2, 2),
(491, 158, 8, 3),
(492, 158, 3, 5),
(493, 158, 6, 3),
(494, 159, 10, 3),
(495, 160, 3, 1),
(496, 161, 8, 3),
(497, 161, 3, 3),
(498, 162, 8, 2),
(499, 163, 11, 2),
(500, 163, 4, 2),
(501, 164, 11, 1),
(502, 165, 2, 1),
(503, 165, 9, 1),
(504, 165, 11, 1),
(505, 166, 5, 2),
(506, 166, 10, 1),
(507, 166, 11, 2),
(508, 167, 4, 3),
(509, 167, 11, 3),
(510, 168, 10, 3),
(511, 168, 1, 3),
(512, 169, 2, 1),
(513, 170, 6, 3),
(514, 170, 10, 1),
(515, 171, 9, 2),
(516, 171, 7, 2),
(517, 172, 10, 2),
(518, 172, 9, 1),
(519, 173, 8, 1),
(520, 173, 11, 1),
(521, 174, 11, 5),
(522, 174, 4, 5),
(523, 174, 6, 3),
(524, 174, 1, 3),
(525, 174, 3, 6),
(526, 174, 7, 5),
(527, 174, 9, 3),
(528, 174, 5, 5),
(529, 175, 10, 1),
(530, 175, 2, 3),
(531, 176, 2, 3),
(532, 177, 8, 3),
(533, 177, 1, 3),
(534, 178, 2, 1),
(535, 178, 1, 2),
(536, 178, 11, 3),
(537, 179, 4, 2),
(538, 179, 6, 2),
(539, 179, 1, 2),
(540, 180, 4, 2),
(541, 180, 8, 2),
(542, 180, 3, 1),
(543, 181, 8, 3),
(544, 181, 7, 1),
(545, 182, 10, 3),
(546, 182, 2, 3),
(547, 183, 10, 3),
(548, 183, 2, 2),
(549, 184, 2, 3),
(550, 184, 10, 2),
(551, 184, 8, 1),
(552, 185, 1, 2),
(553, 185, 4, 2),
(554, 185, 5, 3),
(555, 186, 1, 1),
(556, 187, 10, 6),
(557, 187, 5, 4),
(558, 187, 1, 3),
(559, 187, 4, 5),
(560, 187, 5, 5),
(561, 187, 2, 5),
(562, 187, 2, 6),
(563, 187, 10, 7),
(564, 187, 9, 3),
(565, 187, 8, 3),
(566, 187, 10, 7),
(567, 187, 4, 5),
(568, 187, 10, 6),
(569, 187, 1, 5),
(570, 187, 10, 8),
(571, 187, 9, 4),
(572, 187, 4, 4),
(573, 187, 9, 8),
(574, 187, 2, 6),
(575, 187, 10, 8),
(576, 187, 9, 5),
(577, 188, 4, 2),
(578, 189, 3, 3),
(579, 189, 1, 2),
(580, 190, 1, 1),
(581, 191, 1, 2),
(582, 191, 4, 3),
(583, 192, 2, 2),
(584, 192, 3, 2),
(585, 192, 7, 2),
(586, 193, 9, 3),
(587, 193, 5, 2),
(588, 193, 10, 3),
(589, 194, 11, 1),
(590, 194, 8, 1),
(591, 194, 3, 3),
(592, 195, 4, 1),
(593, 195, 8, 3),
(594, 196, 10, 3),
(595, 196, 7, 2),
(596, 197, 6, 2),
(597, 197, 7, 1),
(598, 198, 11, 1),
(599, 198, 1, 2),
(600, 199, 6, 2),
(601, 199, 7, 3),
(602, 200, 11, 1),
(603, 200, 2, 1),
(604, 201, 11, 3),
(605, 202, 10, 3),
(606, 202, 3, 2),
(607, 202, 1, 3),
(608, 203, 8, 3),
(609, 203, 10, 3),
(610, 204, 2, 2),
(611, 204, 4, 3),
(612, 204, 5, 3),
(613, 205, 5, 2),
(614, 205, 4, 3),
(615, 206, 1, 1),
(616, 206, 7, 3),
(617, 206, 8, 1),
(618, 207, 4, 3),
(619, 208, 9, 2),
(620, 208, 1, 3),
(621, 208, 3, 1),
(622, 209, 2, 3),
(623, 209, 4, 1),
(624, 210, 11, 4),
(625, 210, 8, 4),
(626, 210, 1, 3),
(627, 210, 4, 3),
(628, 210, 2, 2),
(629, 210, 5, 6),
(630, 210, 10, 6),
(631, 210, 3, 4),
(632, 210, 9, 4),
(633, 210, 6, 4),
(634, 210, 7, 3),
(635, 211, 10, 2),
(636, 211, 4, 1),
(637, 212, 8, 1),
(638, 212, 9, 2),
(639, 213, 11, 1),
(640, 213, 8, 3),
(641, 214, 1, 1),
(642, 214, 3, 2),
(643, 214, 4, 3),
(644, 215, 11, 3),
(645, 215, 3, 1),
(646, 215, 2, 3),
(647, 216, 3, 3),
(648, 217, 2, 1),
(649, 217, 3, 3),
(650, 218, 1, 2),
(651, 218, 10, 5),
(652, 218, 11, 2),
(653, 218, 5, 2),
(654, 218, 9, 2),
(655, 218, 8, 5),
(656, 218, 4, 5),
(657, 218, 2, 6),
(658, 218, 7, 5),
(659, 218, 3, 4),
(660, 218, 6, 6),
(661, 219, 9, 2),
(662, 220, 11, 4),
(663, 220, 9, 5),
(664, 220, 10, 3),
(665, 220, 1, 4),
(666, 220, 2, 5),
(667, 220, 7, 6),
(668, 220, 4, 6),
(669, 220, 5, 4),
(670, 220, 8, 4),
(671, 220, 3, 4),
(672, 220, 6, 5),
(673, 221, 9, 3),
(674, 221, 4, 3),
(675, 221, 10, 3),
(676, 222, 2, 2),
(677, 222, 8, 2),
(678, 222, 1, 2),
(679, 223, 6, 3),
(680, 223, 7, 3),
(681, 223, 3, 5),
(682, 223, 10, 6),
(683, 223, 9, 6),
(684, 223, 11, 3),
(685, 223, 4, 5),
(686, 223, 1, 4),
(687, 223, 2, 6),
(688, 223, 5, 5),
(689, 223, 8, 2),
(690, 224, 2, 2),
(691, 225, 8, 3),
(692, 226, 9, 1),
(693, 227, 10, 2),
(694, 227, 11, 3),
(695, 227, 2, 3),
(696, 228, 1, 1),
(697, 228, 11, 1),
(698, 228, 9, 2),
(699, 229, 1, 1),
(700, 229, 11, 3),
(701, 230, 2, 3),
(702, 231, 10, 2),
(703, 231, 4, 1),
(704, 232, 3, 2),
(705, 232, 11, 2),
(706, 232, 2, 1),
(707, 233, 8, 3),
(708, 234, 4, 1),
(709, 234, 9, 1),
(710, 235, 3, 1),
(711, 236, 7, 3),
(712, 236, 10, 2),
(713, 236, 4, 3),
(714, 237, 3, 1),
(715, 237, 11, 3),
(716, 238, 2, 2),
(717, 238, 11, 2),
(718, 238, 10, 2),
(719, 239, 9, 3),
(720, 240, 2, 2),
(721, 241, 4, 3),
(722, 242, 2, 2),
(723, 242, 1, 1),
(724, 242, 11, 1),
(725, 243, 10, 1),
(726, 243, 4, 1),
(727, 243, 6, 3),
(728, 244, 10, 2),
(729, 244, 4, 3),
(730, 245, 10, 2),
(731, 245, 11, 1),
(732, 246, 3, 1),
(733, 247, 2, 3),
(734, 247, 1, 6),
(735, 247, 10, 4),
(736, 247, 4, 4),
(737, 247, 8, 4),
(738, 247, 9, 2),
(739, 247, 3, 3),
(740, 247, 11, 3),
(741, 247, 6, 2),
(742, 247, 7, 5),
(743, 247, 5, 4),
(744, 248, 11, 2),
(745, 248, 8, 2),
(746, 248, 9, 1),
(747, 249, 1, 1),
(748, 249, 9, 3),
(749, 250, 4, 2),
(750, 251, 4, 2),
(751, 251, 9, 5),
(752, 251, 11, 3),
(753, 251, 7, 3),
(754, 251, 6, 5),
(755, 251, 3, 3),
(756, 251, 1, 5),
(757, 251, 10, 2),
(758, 251, 2, 2),
(759, 251, 8, 5),
(760, 251, 5, 6),
(761, 252, 8, 2),
(762, 252, 10, 3),
(763, 252, 1, 1),
(764, 253, 10, 2),
(765, 253, 3, 1),
(766, 253, 4, 3),
(767, 254, 11, 1),
(768, 254, 3, 3),
(769, 255, 9, 2),
(770, 256, 11, 3),
(771, 257, 1, 1),
(772, 257, 7, 2),
(773, 258, 10, 2),
(774, 259, 3, 2),
(775, 259, 11, 1),
(776, 260, 8, 3),
(777, 260, 10, 3),
(778, 260, 1, 1),
(779, 261, 3, 1),
(780, 262, 1, 2),
(781, 262, 2, 3),
(782, 262, 8, 3),
(783, 263, 2, 3),
(784, 263, 4, 1),
(785, 264, 8, 2),
(786, 265, 1, 3),
(787, 266, 2, 2),
(788, 267, 8, 1),
(789, 267, 4, 2),
(790, 267, 3, 2),
(791, 268, 1, 2),
(792, 268, 6, 3),
(793, 268, 4, 2),
(794, 269, 2, 3),
(795, 269, 3, 3),
(796, 269, 4, 3),
(797, 270, 1, 3),
(798, 270, 8, 2),
(799, 271, 9, 4),
(800, 271, 8, 3),
(801, 271, 2, 4),
(802, 271, 11, 2),
(803, 271, 1, 5),
(804, 271, 10, 3),
(805, 271, 7, 2),
(806, 271, 5, 6),
(807, 271, 6, 5),
(808, 272, 3, 3),
(809, 272, 8, 3),
(810, 272, 11, 2),
(811, 273, 1, 2),
(812, 273, 3, 2),
(813, 274, 4, 3),
(814, 274, 1, 1),
(815, 274, 8, 1),
(816, 275, 6, 3),
(817, 275, 5, 1),
(818, 276, 7, 6),
(819, 276, 11, 4),
(820, 276, 1, 5),
(821, 276, 4, 5),
(822, 276, 8, 6),
(823, 276, 6, 2),
(824, 276, 3, 2),
(825, 276, 2, 6),
(826, 276, 9, 2),
(827, 276, 10, 2),
(828, 277, 8, 1),
(829, 278, 9, 1),
(830, 279, 2, 1),
(831, 279, 1, 2),
(832, 280, 9, 2),
(833, 280, 10, 2),
(834, 281, 4, 2),
(835, 282, 9, 3),
(836, 282, 11, 2),
(837, 283, 11, 1),
(838, 283, 9, 1),
(839, 283, 1, 3),
(840, 284, 9, 2),
(841, 284, 8, 2),
(842, 284, 2, 1),
(843, 285, 8, 4),
(844, 285, 4, 2),
(845, 285, 3, 3),
(846, 285, 11, 4),
(847, 285, 9, 5),
(848, 285, 2, 2),
(849, 285, 1, 3),
(850, 285, 10, 6),
(851, 285, 5, 6),
(852, 285, 6, 5),
(853, 285, 7, 5),
(854, 286, 4, 1),
(855, 286, 6, 3),
(856, 286, 9, 3),
(857, 287, 4, 2),
(858, 287, 3, 2),
(859, 287, 11, 2),
(860, 288, 8, 2),
(861, 288, 4, 6),
(862, 288, 9, 4),
(863, 288, 11, 5),
(864, 288, 6, 4),
(865, 288, 1, 4),
(866, 288, 3, 4),
(867, 288, 10, 4),
(868, 288, 7, 3),
(869, 288, 2, 4),
(870, 289, 3, 2),
(871, 290, 6, 1),
(872, 291, 1, 2),
(873, 291, 11, 1),
(874, 291, 2, 3),
(875, 292, 4, 2),
(876, 292, 10, 1),
(877, 292, 2, 1),
(878, 293, 1, 3),
(879, 294, 8, 2),
(880, 294, 10, 1),
(881, 295, 3, 3),
(882, 295, 1, 1),
(883, 295, 4, 2),
(884, 296, 4, 1),
(885, 297, 11, 1),
(886, 297, 1, 1),
(887, 297, 9, 3),
(888, 298, 4, 2),
(889, 298, 11, 3),
(890, 298, 8, 3),
(891, 299, 3, 1),
(892, 299, 8, 1),
(893, 299, 11, 1),
(894, 300, 3, 1),
(895, 300, 11, 1),
(896, 301, 2, 2),
(897, 302, 10, 2),
(898, 303, 2, 5),
(899, 303, 8, 3),
(900, 303, 4, 2),
(901, 303, 10, 2),
(902, 303, 9, 4),
(903, 303, 1, 3),
(904, 303, 3, 3),
(905, 303, 11, 6),
(906, 303, 7, 4),
(907, 303, 5, 4),
(908, 303, 6, 4),
(909, 304, 8, 1),
(910, 304, 11, 2),
(911, 304, 10, 3),
(912, 305, 2, 2),
(913, 305, 3, 1),
(914, 306, 10, 2),
(915, 306, 8, 1),
(916, 307, 10, 2),
(917, 307, 11, 3),
(918, 307, 3, 5),
(919, 307, 2, 5),
(920, 307, 1, 6),
(921, 307, 4, 5),
(922, 307, 7, 2),
(923, 307, 8, 2),
(924, 307, 9, 3),
(925, 308, 2, 3),
(926, 308, 10, 1),
(927, 309, 4, 3),
(928, 309, 3, 3),
(929, 309, 2, 3),
(930, 310, 10, 3),
(931, 311, 5, 3),
(932, 311, 7, 3),
(933, 312, 10, 2),
(934, 312, 2, 6),
(935, 312, 11, 4),
(936, 312, 8, 6),
(937, 312, 9, 3),
(938, 312, 3, 4),
(939, 312, 4, 4),
(940, 312, 7, 5),
(941, 312, 1, 6),
(942, 312, 5, 3),
(943, 312, 6, 4),
(944, 313, 2, 3),
(945, 313, 10, 2),
(946, 313, 9, 1),
(947, 314, 1, 1),
(948, 314, 10, 2),
(949, 315, 2, 3),
(950, 315, 4, 1),
(951, 315, 6, 2),
(952, 316, 2, 2),
(953, 317, 4, 3),
(954, 317, 8, 1),
(955, 318, 4, 3),
(956, 318, 1, 2),
(957, 319, 11, 2),
(958, 319, 4, 3),
(959, 320, 1, 2),
(960, 320, 9, 1),
(961, 320, 10, 1),
(962, 321, 1, 1),
(963, 321, 11, 2),
(964, 321, 9, 2),
(965, 322, 2, 3),
(966, 322, 1, 3),
(967, 322, 11, 1),
(968, 323, 10, 3),
(969, 323, 2, 3),
(970, 324, 9, 3),
(971, 324, 2, 1),
(972, 325, 1, 2),
(973, 326, 8, 1),
(974, 327, 8, 3),
(975, 328, 4, 1),
(976, 328, 8, 3),
(977, 328, 11, 3),
(978, 329, 9, 1),
(979, 330, 2, 2),
(980, 331, 2, 2),
(981, 331, 1, 1),
(982, 332, 2, 2),
(983, 332, 9, 2),
(984, 332, 3, 6),
(985, 332, 5, 5),
(986, 332, 4, 3),
(987, 332, 1, 5),
(988, 332, 8, 2),
(989, 332, 11, 4),
(990, 332, 10, 6),
(991, 332, 6, 4),
(992, 332, 7, 3),
(993, 333, 4, 4),
(994, 333, 8, 6),
(995, 333, 3, 5),
(996, 333, 11, 4),
(997, 333, 1, 2),
(998, 333, 2, 6),
(999, 333, 9, 4),
(1000, 333, 6, 5),
(1001, 333, 5, 3),
(1002, 333, 10, 5),
(1003, 333, 7, 2),
(1004, 334, 2, 3),
(1005, 335, 2, 2),
(1006, 336, 10, 1),
(1007, 336, 9, 3),
(1008, 336, 4, 2),
(1009, 337, 11, 2),
(1010, 338, 11, 2),
(1011, 339, 4, 2),
(1012, 339, 8, 3),
(1013, 339, 2, 2),
(1014, 340, 3, 3),
(1015, 340, 11, 3),
(1016, 341, 2, 3),
(1017, 341, 3, 1),
(1018, 342, 10, 2),
(1019, 342, 8, 1),
(1020, 342, 5, 1),
(1021, 343, 2, 2),
(1022, 343, 1, 1),
(1023, 343, 3, 1),
(1024, 344, 6, 1),
(1025, 345, 10, 3),
(1026, 345, 4, 2),
(1027, 346, 10, 3),
(1028, 346, 9, 1),
(1029, 346, 11, 3),
(1030, 347, 8, 5),
(1031, 347, 4, 4),
(1032, 347, 2, 2),
(1033, 347, 10, 6),
(1034, 347, 1, 2),
(1035, 347, 11, 6),
(1036, 347, 5, 6),
(1037, 347, 3, 6),
(1038, 347, 9, 4),
(1039, 348, 11, 1),
(1040, 348, 10, 2),
(1041, 348, 8, 3),
(1042, 349, 3, 3),
(1043, 349, 1, 3),
(1044, 350, 11, 2),
(1045, 350, 10, 3),
(1046, 350, 1, 1),
(1047, 351, 2, 1),
(1048, 352, 9, 3),
(1049, 352, 3, 2),
(1050, 352, 11, 3),
(1051, 353, 1, 1),
(1052, 354, 11, 2),
(1053, 354, 2, 2),
(1054, 354, 8, 2),
(1055, 355, 11, 1),
(1056, 355, 10, 2),
(1057, 355, 8, 2),
(1058, 356, 3, 3),
(1059, 357, 10, 1),
(1060, 357, 11, 3),
(1061, 358, 2, 2),
(1062, 359, 2, 1),
(1063, 360, 11, 1),
(1064, 360, 10, 1),
(1065, 360, 2, 2),
(1066, 361, 10, 3),
(1067, 361, 11, 1),
(1068, 361, 3, 1),
(1069, 362, 11, 2),
(1070, 362, 9, 3),
(1071, 363, 1, 5),
(1072, 363, 9, 2),
(1073, 363, 2, 5),
(1074, 363, 10, 4),
(1075, 363, 7, 3),
(1076, 363, 11, 3),
(1077, 363, 3, 6),
(1078, 363, 8, 5),
(1079, 363, 5, 5),
(1080, 363, 4, 4),
(1081, 363, 6, 3),
(1082, 364, 4, 1),
(1083, 364, 8, 1),
(1084, 365, 11, 3),
(1085, 365, 4, 2),
(1086, 366, 2, 2),
(1087, 366, 8, 1),
(1088, 366, 11, 1),
(1089, 367, 9, 2),
(1090, 368, 4, 2),
(1091, 368, 6, 2),
(1092, 368, 2, 3),
(1093, 369, 8, 2),
(1094, 369, 2, 2),
(1095, 369, 6, 2),
(1096, 370, 8, 2),
(1097, 371, 9, 1),
(1098, 371, 10, 3),
(1099, 372, 1, 2),
(1100, 372, 3, 3),
(1101, 372, 4, 3),
(1102, 373, 11, 3),
(1103, 373, 4, 1),
(1104, 374, 10, 2),
(1105, 374, 9, 2),
(1106, 374, 11, 3),
(1107, 375, 10, 3),
(1108, 375, 8, 2),
(1109, 376, 4, 2),
(1110, 377, 1, 2),
(1111, 377, 9, 3),
(1112, 377, 10, 1),
(1113, 378, 7, 2),
(1114, 379, 2, 2),
(1115, 380, 5, 6),
(1116, 380, 9, 4),
(1117, 380, 11, 4),
(1118, 380, 2, 4),
(1119, 380, 8, 3),
(1120, 380, 4, 3),
(1121, 380, 10, 5),
(1122, 380, 1, 3),
(1123, 380, 7, 3),
(1124, 380, 3, 4),
(1125, 380, 6, 2),
(1126, 381, 3, 2),
(1127, 381, 8, 3),
(1128, 381, 1, 6),
(1129, 381, 10, 6),
(1130, 381, 5, 6),
(1131, 381, 11, 2),
(1132, 381, 2, 5),
(1133, 381, 6, 5),
(1134, 381, 4, 5),
(1135, 381, 9, 6),
(1136, 381, 7, 2),
(1137, 382, 4, 6),
(1138, 382, 9, 4),
(1139, 382, 3, 2),
(1140, 382, 11, 5),
(1141, 382, 1, 5),
(1142, 382, 2, 2),
(1143, 382, 8, 3),
(1144, 382, 6, 6),
(1145, 382, 10, 2),
(1146, 382, 7, 4),
(1147, 382, 5, 5),
(1148, 383, 9, 3),
(1149, 383, 4, 2),
(1150, 384, 11, 6),
(1151, 384, 3, 3),
(1152, 384, 9, 2),
(1153, 384, 1, 3),
(1154, 384, 6, 4),
(1155, 384, 10, 4),
(1156, 384, 8, 5),
(1157, 384, 4, 2),
(1158, 384, 2, 5),
(1159, 384, 7, 5),
(1160, 384, 5, 5),
(1161, 385, 4, 1),
(1162, 385, 7, 3),
(1163, 386, 4, 1),
(1164, 386, 11, 1),
(1165, 386, 9, 3),
(1166, 387, 2, 3),
(1167, 387, 3, 2),
(1168, 388, 5, 1),
(1169, 389, 10, 2),
(1170, 389, 8, 3),
(1171, 389, 11, 1),
(1172, 390, 3, 3),
(1173, 390, 1, 1),
(1174, 391, 1, 2),
(1175, 392, 3, 3),
(1176, 392, 2, 3),
(1177, 392, 4, 1),
(1178, 393, 10, 2),
(1179, 394, 3, 2),
(1180, 394, 9, 2),
(1181, 394, 4, 3),
(1182, 395, 3, 2),
(1183, 396, 8, 3),
(1184, 397, 8, 3),
(1185, 397, 11, 2),
(1186, 397, 1, 1),
(1187, 398, 1, 5),
(1188, 398, 11, 3),
(1189, 398, 8, 4),
(1190, 398, 3, 2),
(1191, 398, 4, 6),
(1192, 398, 9, 4),
(1193, 398, 10, 5),
(1194, 398, 5, 2),
(1195, 398, 2, 6),
(1196, 398, 7, 2),
(1197, 398, 6, 2),
(1198, 399, 11, 4),
(1199, 399, 7, 5),
(1200, 399, 4, 2),
(1201, 399, 3, 6),
(1202, 399, 9, 6),
(1203, 399, 8, 6),
(1204, 399, 10, 3),
(1205, 399, 2, 3),
(1206, 399, 1, 5),
(1207, 399, 5, 5),
(1208, 399, 6, 3),
(1209, 400, 4, 2),
(1210, 401, 11, 3),
(1211, 402, 3, 1),
(1212, 403, 10, 3),
(1213, 403, 9, 2),
(1214, 403, 2, 4),
(1215, 403, 11, 4),
(1216, 403, 1, 4),
(1217, 403, 3, 6),
(1218, 403, 8, 2),
(1219, 403, 4, 2),
(1220, 403, 6, 5),
(1221, 404, 1, 2),
(1222, 404, 3, 1),
(1223, 405, 11, 3),
(1224, 405, 8, 1),
(1225, 406, 5, 3),
(1226, 407, 1, 2),
(1227, 408, 3, 3),
(1228, 409, 8, 3),
(1229, 410, 9, 1),
(1230, 410, 3, 1),
(1231, 411, 8, 4),
(1232, 411, 4, 3),
(1233, 411, 3, 2),
(1234, 411, 10, 3),
(1235, 411, 11, 6),
(1236, 411, 2, 5),
(1237, 411, 9, 5),
(1238, 411, 1, 2),
(1239, 411, 6, 6),
(1240, 411, 5, 4),
(1241, 412, 3, 2),
(1242, 412, 10, 2),
(1243, 412, 8, 3),
(1244, 413, 10, 1),
(1245, 413, 5, 1),
(1246, 413, 3, 3),
(1247, 414, 8, 2),
(1248, 414, 1, 2),
(1249, 415, 2, 3),
(1250, 415, 4, 3),
(1251, 416, 3, 1),
(1252, 416, 1, 2),
(1253, 417, 1, 2),
(1254, 418, 11, 1),
(1255, 418, 10, 1),
(1256, 419, 8, 2),
(1257, 419, 9, 3),
(1258, 419, 4, 2),
(1259, 420, 4, 2),
(1260, 420, 3, 2),
(1261, 421, 10, 2),
(1262, 422, 2, 1),
(1263, 422, 1, 3),
(1264, 423, 1, 2),
(1265, 423, 8, 3),
(1266, 423, 2, 3),
(1267, 424, 8, 3),
(1268, 424, 10, 2),
(1269, 424, 9, 1),
(1270, 425, 8, 1),
(1271, 426, 8, 1),
(1272, 426, 10, 2),
(1273, 426, 3, 1),
(1274, 427, 9, 2),
(1275, 428, 11, 1),
(1276, 429, 10, 1),
(1277, 429, 3, 1),
(1278, 430, 10, 2),
(1279, 430, 2, 1),
(1280, 431, 3, 1),
(1281, 431, 11, 1),
(1282, 431, 4, 2),
(1283, 432, 8, 2),
(1284, 432, 2, 5),
(1285, 432, 10, 5),
(1286, 432, 4, 4),
(1287, 432, 11, 5),
(1288, 432, 9, 4),
(1289, 432, 1, 6),
(1290, 432, 3, 5),
(1291, 432, 6, 2),
(1292, 432, 7, 3),
(1293, 432, 5, 4),
(1294, 433, 10, 3),
(1295, 434, 1, 1),
(1296, 434, 11, 3),
(1297, 434, 10, 3),
(1298, 435, 9, 3),
(1299, 435, 8, 2),
(1300, 435, 3, 2),
(1301, 436, 9, 2),
(1302, 436, 3, 1),
(1303, 436, 10, 2),
(1304, 437, 1, 3),
(1305, 437, 3, 2),
(1306, 437, 2, 2),
(1307, 438, 1, 1),
(1308, 439, 8, 3),
(1309, 439, 4, 1),
(1310, 440, 4, 1),
(1311, 441, 8, 2),
(1312, 441, 1, 1),
(1313, 442, 4, 2),
(1314, 442, 8, 1),
(1315, 443, 1, 1),
(1316, 444, 1, 2),
(1317, 444, 2, 1),
(1318, 444, 9, 3),
(1319, 445, 10, 3),
(1320, 445, 1, 1),
(1321, 446, 9, 2),
(1322, 446, 3, 3),
(1323, 447, 4, 2),
(1324, 447, 3, 1),
(1325, 448, 11, 4),
(1326, 448, 9, 3),
(1327, 448, 8, 6),
(1328, 448, 3, 5),
(1329, 448, 4, 2),
(1330, 448, 1, 2),
(1331, 448, 10, 5),
(1332, 448, 2, 4),
(1333, 448, 5, 4),
(1334, 448, 6, 6),
(1335, 448, 7, 4),
(1336, 449, 11, 6),
(1337, 449, 9, 4),
(1338, 449, 2, 3),
(1339, 449, 1, 2),
(1340, 449, 8, 3),
(1341, 449, 6, 4),
(1342, 449, 4, 3),
(1343, 449, 10, 2),
(1344, 449, 5, 6),
(1345, 449, 3, 2),
(1346, 449, 7, 3),
(1347, 450, 2, 2),
(1348, 450, 7, 3),
(1349, 450, 11, 1),
(1350, 451, 9, 5),
(1351, 451, 4, 4),
(1352, 451, 11, 4),
(1353, 451, 10, 2),
(1354, 451, 1, 4),
(1355, 451, 6, 2),
(1356, 451, 5, 2),
(1357, 451, 3, 4),
(1358, 452, 4, 2),
(1359, 453, 2, 1),
(1360, 453, 1, 1),
(1361, 454, 3, 1),
(1362, 454, 8, 2),
(1363, 455, 10, 2),
(1364, 455, 2, 2),
(1365, 456, 2, 2),
(1366, 456, 7, 1),
(1367, 457, 8, 2),
(1368, 457, 1, 2),
(1369, 457, 11, 1),
(1370, 458, 9, 1),
(1371, 458, 10, 1),
(1372, 459, 1, 1),
(1373, 459, 3, 1),
(1374, 460, 3, 1),
(1375, 461, 8, 1),
(1376, 461, 10, 3),
(1377, 462, 8, 3),
(1378, 462, 10, 2),
(1379, 463, 4, 2),
(1380, 463, 11, 3),
(1381, 464, 8, 1),
(1382, 464, 1, 2),
(1383, 465, 4, 3),
(1384, 465, 1, 1),
(1385, 465, 10, 3),
(1386, 466, 9, 3),
(1387, 466, 2, 2),
(1388, 466, 10, 2),
(1389, 467, 10, 1),
(1390, 467, 7, 3),
(1391, 467, 3, 3),
(1392, 468, 1, 1),
(1393, 468, 9, 2),
(1394, 469, 10, 3),
(1395, 469, 11, 3),
(1396, 469, 3, 3),
(1397, 470, 11, 1),
(1398, 470, 4, 2),
(1399, 471, 1, 2),
(1400, 472, 2, 2),
(1401, 473, 11, 2),
(1402, 474, 9, 2),
(1403, 474, 4, 3),
(1404, 475, 4, 2),
(1405, 476, 1, 2),
(1406, 476, 8, 1),
(1407, 477, 8, 3),
(1408, 477, 4, 3),
(1409, 478, 8, 4),
(1410, 478, 1, 6),
(1411, 478, 9, 2),
(1412, 478, 11, 2),
(1413, 478, 5, 6),
(1414, 478, 2, 4),
(1415, 478, 4, 4),
(1416, 478, 10, 2),
(1417, 478, 3, 2),
(1418, 478, 7, 6),
(1419, 479, 11, 1),
(1420, 479, 8, 2),
(1421, 480, 3, 3),
(1422, 480, 1, 3),
(1423, 480, 4, 5),
(1424, 480, 2, 4),
(1425, 480, 10, 2),
(1426, 480, 11, 2),
(1427, 480, 8, 4),
(1428, 480, 9, 6),
(1429, 480, 7, 4),
(1430, 480, 6, 3),
(1431, 480, 5, 5),
(1432, 481, 2, 1),
(1433, 481, 9, 1),
(1434, 482, 4, 3),
(1435, 482, 3, 2),
(1436, 483, 2, 1),
(1437, 484, 8, 2),
(1438, 485, 11, 2),
(1439, 486, 8, 2),
(1440, 486, 6, 2),
(1441, 487, 4, 3),
(1442, 487, 1, 5),
(1443, 487, 3, 6),
(1444, 487, 2, 2),
(1445, 487, 11, 2),
(1446, 487, 6, 4),
(1447, 487, 10, 6),
(1448, 487, 9, 5),
(1449, 487, 7, 4),
(1450, 487, 8, 3),
(1451, 488, 1, 3),
(1452, 488, 4, 1),
(1453, 488, 2, 1),
(1454, 489, 3, 1),
(1455, 489, 9, 2),
(1456, 490, 10, 1),
(1457, 490, 8, 2),
(1458, 490, 5, 3),
(1459, 491, 8, 2),
(1460, 491, 6, 3),
(1461, 491, 9, 2),
(1462, 492, 10, 5),
(1463, 492, 4, 3),
(1464, 492, 11, 6),
(1465, 492, 2, 6),
(1466, 492, 3, 4),
(1467, 492, 9, 3),
(1468, 492, 5, 6),
(1469, 492, 8, 4),
(1470, 492, 1, 3),
(1471, 492, 7, 4),
(1472, 492, 6, 3),
(1473, 493, 3, 3),
(1474, 493, 1, 1),
(1475, 494, 1, 3),
(1476, 494, 11, 1),
(1477, 494, 8, 3),
(1478, 495, 10, 2),
(1479, 495, 3, 3),
(1480, 495, 11, 2),
(1481, 496, 2, 3),
(1482, 496, 1, 3),
(1483, 497, 9, 1),
(1484, 497, 2, 3),
(1485, 498, 2, 3),
(1486, 499, 10, 2),
(1487, 499, 11, 1),
(1488, 500, 9, 3),
(1489, 500, 10, 1),
(1490, 500, 11, 1),
(1491, 501, 1, 1),
(1492, 502, 2, 1),
(1493, 503, 3, 1),
(1494, 504, 3, 1),
(1495, 505, 11, 1),
(1496, 506, 8, 10);

-- --------------------------------------------------------

--
-- Table structure for table `products`
--

CREATE TABLE `products` (
  `id` int(11) UNSIGNED NOT NULL,
  `product_name` varchar(70) NOT NULL,
  `category` varchar(30) NOT NULL,
  `description` varchar(500) NOT NULL,
  `price` double(10,2) NOT NULL,
  `quantity` int(11) NOT NULL,
  `created_at` datetime NOT NULL DEFAULT current_timestamp(),
  `img` varchar(300) NOT NULL,
  `thumbnail` varchar(200) NOT NULL
) ENGINE=InnoDB DEFAULT CHARSET=utf8mb4 COLLATE=utf8mb4_general_ci;

--
-- Dumping data for table `products`
--

INSERT INTO `products` (`id`, `product_name`, `category`, `description`, `price`, `quantity`, `created_at`, `img`, `thumbnail`) VALUES
(1, 'Anima Strath', 'Psi', 'Anima Strath jača otpornost organizma, povećava apetit kod rekovalescenata, promoviše rast i pomaže u formiranju zdravog i sjajnog krzna.', 2050.00, 200, '2024-03-17 21:08:02', './public/images/product_1.jpg', './public/images/product_1.jpg'),
(2, 'ADVOCATE spot-on, za pse do 4 kg', 'Psi', 'Advocate preparat se koristi za čišćenje pasa od buva, unutrašnjih parazita, lečenje ušnog šugarca, demodikoze i invazije srčanog crva. Istovremeno pruža zaštitu od navedenih problema tokom mesec dana. Nema efekta na krpelje.', 1750.00, 30, '2024-03-17 21:16:28', './public/images/product_2.jpg', './public/images/product_2.jpg'),
(3, 'BARD Ecosin – 10 tableta', 'Psi', 'BARD Ecosin je dodatak ishrani namenjen psima za poboljšanje opšte vitalnosti i jačanje imunog sistema.', 1200.00, 50, '2023-06-12 14:22:45', './public/images/product_3.jpg', './public/images/product_3.jpg'),
(4, 'ArtroFlex Strong 750 mg – 60 tableta', 'Psi', 'ArtroFlex Strong pomaže u očuvanju zdravlja zglobova kod pasa, povećava pokretljivost i doprinosi smanjenju bola pri kretanju.', 2450.00, 75, '2024-02-03 09:47:18', './public/images/product_4.jpg', './public/images/product_4.jpg'),
(5, 'Ave&Vetmedic Coat&Skin – 100 ml', 'Psi', 'Preparat namenjen poboljšanju kvaliteta dlake i kože kod pasa, sa vitaminima i omega-3 masnim kiselinama.', 980.00, 120, '2023-11-27 17:33:59', './public/images/product_5.jpg', './public/images/product_5.jpg'),
(6, 'Ave&Vetmedic Urinary – 100 ml', 'Psi', 'Ave&Vetmedic Urinary podržava zdravlje urinarnog trakta kod pasa i doprinosi normalnoj funkciji bubrega.', 1150.00, 30, '2024-05-21 11:12:07', './public/images/product_6.jpg', './public/images/product_6.jpg'),
(7, 'Happy Cat VET Diet Adipositas – 1,4 kg', 'Macke', 'Specijalizovana dijetalna hrana za mačke sa prekomernom telesnom težinom, pomaže u regulaciji ishrane i smanjenju masnog tkiva.', 2000.00, 40, '2023-07-14 10:25:33', './public/images/product_7.jpg', './public/images/product_7.jpg'),
(8, 'Anima Strath – Mikro Granule 100 g', 'Macke', 'Prirodni dodatak ishrani za jačanje imuniteta i poboljšanje apetita kod mačaka svih uzrasta.', 1450.00, 65, '2024-01-22 15:41:09', './public/images/product_8.jpg', './public/images/product_8.jpg'),
(9, 'Candioli CystoCure Forte – 30 g', 'Macke', 'Dodatak namenjen zdravlju urinarnog sistema mačaka, podržava normalnu funkciju mokraćnih puteva.', 2100.00, 25, '2023-09-08 18:03:54', './public/images/product_9.jpg', './public/images/product_9.jpg'),
(10, 'Candioli Florentero ACT – 120 tableta', 'Macke', 'Probiotski preparat za mačke koji podržava zdravlje crevne flore i olakšava varenje.', 2750.00, 80, '2024-04-11 12:17:26', './public/images/product_10.jpg', './public/images/product_10.jpg'),
(11, 'Candioli GlutaMax Forte Pasta Cat – 15 ml', 'Macke', 'Paste formula sa antioksidansima i vitaminima za podršku jetri i opšteg zdravlja mačaka.', 1650.00, 15, '2023-12-02 09:56:48', './public/images/product_11.jpg', './public/images/product_11.jpg'),
(12, 'ADVANTAGE spot-on, za mačke i kuniće preko 4 kg', 'Macke', 'Efikasan spot-on preparat za zaštitu mačaka i kunića od buva tokom perioda od mesec dana.', 1850.00, 100, '2024-05-30 16:28:37', './public/images/product_12.jpg', './public/images/product_12.jpg'),
(34, 'ADVANTIX spot-on, za pse 25-40 kg', 'Psi', 'Elanco Advantix Spot-on – Rastvor za nakapavanje na kožu, antiparazitik, ektoparazitik, kombinacija imidakloprida i permetrina.', 4000.00, 15, '2025-09-14 17:03:52', './public/images/product_13.jpg', './public/images/product_13.jpg');

-- --------------------------------------------------------

--
-- Table structure for table `users`
--

CREATE TABLE `users` (
  `id` int(11) UNSIGNED NOT NULL,
  `first_name` varchar(50) NOT NULL,
  `last_name` varchar(50) NOT NULL,
  `username` varchar(30) NOT NULL,
  `email` varchar(50) NOT NULL,
  `password` varchar(100) NOT NULL,
  `is_admin` int(11) NOT NULL DEFAULT 0,
  `created_at` datetime NOT NULL DEFAULT current_timestamp()
) ENGINE=InnoDB DEFAULT CHARSET=utf8mb4 COLLATE=utf8mb4_general_ci;

--
-- Dumping data for table `users`
--

INSERT INTO `users` (`id`, `first_name`, `last_name`, `username`, `email`, `password`, `is_admin`, `created_at`) VALUES
(1, 'Danilo', 'Jovanovic', 'dan', 'danilo@gmail.com', '$2y$10$EdEhRj2c/dYqiTqxoy8taeM7VZMwEc73WFlSaDABtPnNIA8QS5tRS', 1, '2024-03-07 01:06:14'),
(2, 'Marija', 'Đurić', 'marija2', 'marija2@example.com', '$2y$10$EdEhRj2c/dYqiTqxoy8taeM7VZMwEc73WFlSaDABtPnNIA8QS5tRS', 0, '2024-02-16 15:22:00'),
(3, 'Tatjana', 'Obradović', 'tatjana3', 'tatjana3@example.com', '$2y$10$EdEhRj2c/dYqiTqxoy8taeM7VZMwEc73WFlSaDABtPnNIA8QS5tRS', 0, '2025-05-19 12:36:00'),
(4, 'Miloš', 'Blagojević', 'miloš4', 'miloš4@example.com', '$2y$10$EdEhRj2c/dYqiTqxoy8taeM7VZMwEc73WFlSaDABtPnNIA8QS5tRS', 0, '2024-08-27 16:36:00'),
(5, 'Sofija', 'Todorović', 'sofija5', 'sofija5@example.com', '$2y$10$EdEhRj2c/dYqiTqxoy8taeM7VZMwEc73WFlSaDABtPnNIA8QS5tRS', 0, '2024-09-09 17:32:00'),
(6, 'Filip', 'Pešić', 'filip6', 'filip6@example.com', '$2y$10$EdEhRj2c/dYqiTqxoy8taeM7VZMwEc73WFlSaDABtPnNIA8QS5tRS', 0, '2024-05-09 16:03:00'),
(7, 'Vesna', 'Milovanović', 'vesna7', 'vesna7@example.com', '$2y$10$EdEhRj2c/dYqiTqxoy8taeM7VZMwEc73WFlSaDABtPnNIA8QS5tRS', 0, '2024-01-31 16:26:00'),
(8, 'Djordje', 'Lukić', 'djordje8', 'djordje8@example.com', '$2y$10$EdEhRj2c/dYqiTqxoy8taeM7VZMwEc73WFlSaDABtPnNIA8QS5tRS', 0, '2024-05-11 17:09:00'),
(9, 'Jovana', 'Vuković', 'jovana9', 'jovana9@example.com', '$2y$10$EdEhRj2c/dYqiTqxoy8taeM7VZMwEc73WFlSaDABtPnNIA8QS5tRS', 0, '2025-07-23 08:10:00'),
(10, 'Teodora', 'Blagojević', 'teodora10', 'teodora10@example.com', '$2y$10$EdEhRj2c/dYqiTqxoy8taeM7VZMwEc73WFlSaDABtPnNIA8QS5tRS', 0, '2025-06-15 03:49:00'),
(11, 'Katarina', 'Jovanović', 'katarina11', 'katarina11@example.com', '$2y$10$EdEhRj2c/dYqiTqxoy8taeM7VZMwEc73WFlSaDABtPnNIA8QS5tRS', 0, '2025-03-26 14:06:00'),
(12, 'Filip', 'Lukić', 'filip12', 'filip12@example.com', '$2y$10$EdEhRj2c/dYqiTqxoy8taeM7VZMwEc73WFlSaDABtPnNIA8QS5tRS', 0, '2024-10-11 01:58:00'),
(13, 'Katarina', 'Jovanović', 'katarina13', 'katarina13@example.com', '$2y$10$EdEhRj2c/dYqiTqxoy8taeM7VZMwEc73WFlSaDABtPnNIA8QS5tRS', 0, '2024-03-15 09:11:00'),
(14, 'Bogdan', 'Živković', 'bogdan14', 'bogdan14@example.com', '$2y$10$EdEhRj2c/dYqiTqxoy8taeM7VZMwEc73WFlSaDABtPnNIA8QS5tRS', 0, '2025-04-02 18:47:00'),
(15, 'Veljko', 'Lazarević', 'veljko15', 'veljko15@example.com', '$2y$10$EdEhRj2c/dYqiTqxoy8taeM7VZMwEc73WFlSaDABtPnNIA8QS5tRS', 0, '2024-12-16 05:58:00'),
(16, 'Tamara', 'Savović', 'tamara16', 'tamara16@example.com', '$2y$10$EdEhRj2c/dYqiTqxoy8taeM7VZMwEc73WFlSaDABtPnNIA8QS5tRS', 0, '2024-11-11 16:20:00'),
(17, 'Žarko', 'Đoković', 'žarko17', 'žarko17@example.com', '$2y$10$EdEhRj2c/dYqiTqxoy8taeM7VZMwEc73WFlSaDABtPnNIA8QS5tRS', 0, '2024-01-12 01:14:00'),
(18, 'Petar', 'Kovačević', 'petar18', 'petar18@example.com', '$2y$10$EdEhRj2c/dYqiTqxoy8taeM7VZMwEc73WFlSaDABtPnNIA8QS5tRS', 0, '2025-07-08 15:14:00'),
(19, 'Svetlana', 'Blagojević', 'svetlana19', 'svetlana19@example.com', '$2y$10$EdEhRj2c/dYqiTqxoy8taeM7VZMwEc73WFlSaDABtPnNIA8QS5tRS', 0, '2024-10-30 07:34:00'),
(20, 'Sofija', 'Stanković', 'sofija20', 'sofija20@example.com', '$2y$10$EdEhRj2c/dYqiTqxoy8taeM7VZMwEc73WFlSaDABtPnNIA8QS5tRS', 0, '2025-08-25 17:56:00'),
(21, 'Marija', 'Simić', 'marija21', 'marija21@example.com', '$2y$10$EdEhRj2c/dYqiTqxoy8taeM7VZMwEc73WFlSaDABtPnNIA8QS5tRS', 0, '2024-09-20 02:26:00'),
(22, 'Veljko', 'Antić', 'veljko22', 'veljko22@example.com', '$2y$10$EdEhRj2c/dYqiTqxoy8taeM7VZMwEc73WFlSaDABtPnNIA8QS5tRS', 0, '2025-03-18 11:32:00'),
(23, 'Mirjana', 'Vasić', 'mirjana23', 'mirjana23@example.com', '$2y$10$EdEhRj2c/dYqiTqxoy8taeM7VZMwEc73WFlSaDABtPnNIA8QS5tRS', 0, '2024-11-08 04:55:00'),
(24, 'Žarko', 'Đorđević', 'žarko24', 'žarko24@example.com', '$2y$10$EdEhRj2c/dYqiTqxoy8taeM7VZMwEc73WFlSaDABtPnNIA8QS5tRS', 0, '2025-05-08 06:31:00'),
(25, 'Zoran', 'Milić', 'zoran25', 'zoran25@example.com', '$2y$10$EdEhRj2c/dYqiTqxoy8taeM7VZMwEc73WFlSaDABtPnNIA8QS5tRS', 0, '2024-07-17 23:31:00'),
(26, 'Dragan', 'Marinković', 'dragan26', 'dragan26@example.com', '$2y$10$EdEhRj2c/dYqiTqxoy8taeM7VZMwEc73WFlSaDABtPnNIA8QS5tRS', 0, '2025-12-29 03:38:00'),
(27, 'Miloš', 'Cvetković', 'miloš27', 'miloš27@example.com', '$2y$10$EdEhRj2c/dYqiTqxoy8taeM7VZMwEc73WFlSaDABtPnNIA8QS5tRS', 0, '2024-03-14 19:52:00'),
(28, 'Dragan', 'Pavlović', 'dragan28', 'dragan28@example.com', '$2y$10$EdEhRj2c/dYqiTqxoy8taeM7VZMwEc73WFlSaDABtPnNIA8QS5tRS', 0, '2025-06-15 21:29:00'),
(29, 'Veljko', 'Vučić', 'veljko29', 'veljko29@example.com', '$2y$10$EdEhRj2c/dYqiTqxoy8taeM7VZMwEc73WFlSaDABtPnNIA8QS5tRS', 0, '2025-06-14 05:31:00'),
(30, 'Ivana', 'Obrenović', 'ivana30', 'ivana30@example.com', '$2y$10$EdEhRj2c/dYqiTqxoy8taeM7VZMwEc73WFlSaDABtPnNIA8QS5tRS', 0, '2025-01-24 07:18:00'),
(31, 'Uroš', 'Gajić', 'uroš31', 'uroš31@example.com', '$2y$10$EdEhRj2c/dYqiTqxoy8taeM7VZMwEc73WFlSaDABtPnNIA8QS5tRS', 0, '2024-02-06 03:15:00'),
(32, 'Aleksandra', 'Marković', 'aleksandra32', 'aleksandra32@example.com', '$2y$10$EdEhRj2c/dYqiTqxoy8taeM7VZMwEc73WFlSaDABtPnNIA8QS5tRS', 0, '2025-01-17 18:18:00'),
(33, 'Tijana', 'Marković', 'tijana33', 'tijana33@example.com', '$2y$10$EdEhRj2c/dYqiTqxoy8taeM7VZMwEc73WFlSaDABtPnNIA8QS5tRS', 0, '2025-05-14 22:53:00'),
(34, 'Ilija', 'Bogdanović', 'ilija34', 'ilija34@example.com', '$2y$10$EdEhRj2c/dYqiTqxoy8taeM7VZMwEc73WFlSaDABtPnNIA8QS5tRS', 0, '2025-11-15 11:11:00'),
(35, 'Žarko', 'Stanković', 'žarko35', 'žarko35@example.com', '$2y$10$EdEhRj2c/dYqiTqxoy8taeM7VZMwEc73WFlSaDABtPnNIA8QS5tRS', 0, '2024-09-28 05:03:00'),
(36, 'Aleksandra', 'Blagojević', 'aleksandra36', 'aleksandra36@example.com', '$2y$10$EdEhRj2c/dYqiTqxoy8taeM7VZMwEc73WFlSaDABtPnNIA8QS5tRS', 0, '2024-01-03 13:34:00'),
(37, 'Goran', 'Pešić', 'goran37', 'goran37@example.com', '$2y$10$EdEhRj2c/dYqiTqxoy8taeM7VZMwEc73WFlSaDABtPnNIA8QS5tRS', 0, '2025-02-28 08:37:00'),
(38, 'Mirjana', 'Živković', 'mirjana38', 'mirjana38@example.com', '$2y$10$EdEhRj2c/dYqiTqxoy8taeM7VZMwEc73WFlSaDABtPnNIA8QS5tRS', 0, '2025-06-14 05:46:00'),
(39, 'Jelena', 'Todorović', 'jelena39', 'jelena39@example.com', '$2y$10$EdEhRj2c/dYqiTqxoy8taeM7VZMwEc73WFlSaDABtPnNIA8QS5tRS', 0, '2024-12-03 02:05:00'),
(40, 'Aleksandar', 'Stanković', 'aleksandar40', 'aleksandar40@example.com', '$2y$10$EdEhRj2c/dYqiTqxoy8taeM7VZMwEc73WFlSaDABtPnNIA8QS5tRS', 0, '2025-09-04 16:15:00'),
(41, 'Maja', 'Babić', 'maja41', 'maja41@example.com', '$2y$10$EdEhRj2c/dYqiTqxoy8taeM7VZMwEc73WFlSaDABtPnNIA8QS5tRS', 0, '2024-02-18 07:48:00'),
(42, 'Milica', 'Đoković', 'milica42', 'milica42@example.com', '$2y$10$EdEhRj2c/dYqiTqxoy8taeM7VZMwEc73WFlSaDABtPnNIA8QS5tRS', 0, '2024-02-02 02:19:00'),
(43, 'Tatjana', 'Savović', 'tatjana43', 'tatjana43@example.com', '$2y$10$EdEhRj2c/dYqiTqxoy8taeM7VZMwEc73WFlSaDABtPnNIA8QS5tRS', 0, '2025-01-14 00:05:00'),
(44, 'Ognjen', 'Stanković', 'ognjen44', 'ognjen44@example.com', '$2y$10$EdEhRj2c/dYqiTqxoy8taeM7VZMwEc73WFlSaDABtPnNIA8QS5tRS', 0, '2024-06-29 18:17:00'),
(45, 'Tijana', 'Pešić', 'tijana45', 'tijana45@example.com', '$2y$10$EdEhRj2c/dYqiTqxoy8taeM7VZMwEc73WFlSaDABtPnNIA8QS5tRS', 0, '2025-04-24 23:32:00'),
(46, 'Tatjana', 'Vasić', 'tatjana46', 'tatjana46@example.com', '$2y$10$EdEhRj2c/dYqiTqxoy8taeM7VZMwEc73WFlSaDABtPnNIA8QS5tRS', 0, '2025-11-06 05:05:00'),
(47, 'Marko', 'Nikolić', 'marko47', 'marko47@example.com', '$2y$10$EdEhRj2c/dYqiTqxoy8taeM7VZMwEc73WFlSaDABtPnNIA8QS5tRS', 0, '2024-11-03 01:25:00'),
(48, 'Tijana', 'Marković', 'tijana48', 'tijana48@example.com', '$2y$10$EdEhRj2c/dYqiTqxoy8taeM7VZMwEc73WFlSaDABtPnNIA8QS5tRS', 0, '2025-02-28 01:26:00'),
(49, 'Teodora', 'Milovanović', 'teodora49', 'teodora49@example.com', '$2y$10$EdEhRj2c/dYqiTqxoy8taeM7VZMwEc73WFlSaDABtPnNIA8QS5tRS', 0, '2024-02-15 07:23:00'),
(50, 'Milica', 'Đorđević', 'milica50', 'milica50@example.com', '$2y$10$EdEhRj2c/dYqiTqxoy8taeM7VZMwEc73WFlSaDABtPnNIA8QS5tRS', 0, '2024-05-20 19:22:00'),
(51, 'Tamara', 'Antić', 'tamara51', 'tamara51@example.com', '$2y$10$EdEhRj2c/dYqiTqxoy8taeM7VZMwEc73WFlSaDABtPnNIA8QS5tRS', 0, '2025-09-14 23:57:00'),
(52, 'Žarko', 'Đurić', 'žarko52', 'žarko52@example.com', '$2y$10$EdEhRj2c/dYqiTqxoy8taeM7VZMwEc73WFlSaDABtPnNIA8QS5tRS', 0, '2024-11-01 00:17:00'),
(53, 'Žarko', 'Popović', 'žarko53', 'žarko53@example.com', '$2y$10$EdEhRj2c/dYqiTqxoy8taeM7VZMwEc73WFlSaDABtPnNIA8QS5tRS', 0, '2025-07-17 17:24:00'),
(54, 'Jasmina', 'Đoković', 'jasmina54', 'jasmina54@example.com', '$2y$10$EdEhRj2c/dYqiTqxoy8taeM7VZMwEc73WFlSaDABtPnNIA8QS5tRS', 0, '2024-07-15 20:50:00'),
(55, 'Marko', 'Stevanović', 'marko55', 'marko55@example.com', '$2y$10$EdEhRj2c/dYqiTqxoy8taeM7VZMwEc73WFlSaDABtPnNIA8QS5tRS', 0, '2024-05-09 16:02:00'),
(56, 'Luka', 'Jovanović', 'luka56', 'luka56@example.com', '$2y$10$EdEhRj2c/dYqiTqxoy8taeM7VZMwEc73WFlSaDABtPnNIA8QS5tRS', 0, '2025-11-20 06:05:00'),
(57, 'Vesna', 'Arsić', 'vesna57', 'vesna57@example.com', '$2y$10$EdEhRj2c/dYqiTqxoy8taeM7VZMwEc73WFlSaDABtPnNIA8QS5tRS', 0, '2025-03-20 22:49:00'),
(58, 'Sofija', 'Jovanović', 'sofija58', 'sofija58@example.com', '$2y$10$EdEhRj2c/dYqiTqxoy8taeM7VZMwEc73WFlSaDABtPnNIA8QS5tRS', 0, '2025-05-07 07:27:00'),
(59, 'Tamara', 'Vasić', 'tamara59', 'tamara59@example.com', '$2y$10$EdEhRj2c/dYqiTqxoy8taeM7VZMwEc73WFlSaDABtPnNIA8QS5tRS', 0, '2025-05-25 06:11:00'),
(60, 'Marija', 'Ilić', 'marija60', 'marija60@example.com', '$2y$10$EdEhRj2c/dYqiTqxoy8taeM7VZMwEc73WFlSaDABtPnNIA8QS5tRS', 0, '2025-05-04 23:41:00'),
(61, 'Veljko', 'Milinković', 'veljko61', 'veljko61@example.com', '$2y$10$EdEhRj2c/dYqiTqxoy8taeM7VZMwEc73WFlSaDABtPnNIA8QS5tRS', 0, '2024-11-01 06:10:00'),
(62, 'Petar', 'Vučić', 'petar62', 'petar62@example.com', '$2y$10$EdEhRj2c/dYqiTqxoy8taeM7VZMwEc73WFlSaDABtPnNIA8QS5tRS', 0, '2024-07-20 06:19:00'),
(63, 'Vesna', 'Milić', 'vesna63', 'vesna63@example.com', '$2y$10$EdEhRj2c/dYqiTqxoy8taeM7VZMwEc73WFlSaDABtPnNIA8QS5tRS', 0, '2025-07-26 21:39:00'),
(64, 'Andrija', 'Todorović', 'andrija64', 'andrija64@example.com', '$2y$10$EdEhRj2c/dYqiTqxoy8taeM7VZMwEc73WFlSaDABtPnNIA8QS5tRS', 0, '2024-01-29 21:51:00'),
(65, 'Jovana', 'Jovanović', 'jovana65', 'jovana65@example.com', '$2y$10$EdEhRj2c/dYqiTqxoy8taeM7VZMwEc73WFlSaDABtPnNIA8QS5tRS', 0, '2025-10-09 05:12:00'),
(66, 'Jasmina', 'Vuletić', 'jasmina66', 'jasmina66@example.com', '$2y$10$EdEhRj2c/dYqiTqxoy8taeM7VZMwEc73WFlSaDABtPnNIA8QS5tRS', 0, '2025-09-29 20:28:00'),
(67, 'Bogdan', 'Arsić', 'bogdan67', 'bogdan67@example.com', '$2y$10$EdEhRj2c/dYqiTqxoy8taeM7VZMwEc73WFlSaDABtPnNIA8QS5tRS', 0, '2025-01-21 23:24:00'),
(68, 'Ivana', 'Radojković', 'ivana68', 'ivana68@example.com', '$2y$10$EdEhRj2c/dYqiTqxoy8taeM7VZMwEc73WFlSaDABtPnNIA8QS5tRS', 0, '2024-01-10 21:49:00'),
(69, 'Miloš', 'Nikolić', 'miloš69', 'miloš69@example.com', '$2y$10$EdEhRj2c/dYqiTqxoy8taeM7VZMwEc73WFlSaDABtPnNIA8QS5tRS', 0, '2024-07-21 13:29:00'),
(70, 'Stefan', 'Kovačević', 'stefan70', 'stefan70@example.com', '$2y$10$EdEhRj2c/dYqiTqxoy8taeM7VZMwEc73WFlSaDABtPnNIA8QS5tRS', 0, '2025-06-01 18:59:00'),
(71, 'Sara', 'Stojanović', 'sara71', 'sara71@example.com', '$2y$10$EdEhRj2c/dYqiTqxoy8taeM7VZMwEc73WFlSaDABtPnNIA8QS5tRS', 0, '2025-12-13 10:55:00'),
(72, 'Dalibor', 'Petrović', 'dalibor72', 'dalibor72@example.com', '$2y$10$EdEhRj2c/dYqiTqxoy8taeM7VZMwEc73WFlSaDABtPnNIA8QS5tRS', 0, '2024-04-10 00:41:00'),
(73, 'Jasmina', 'Radovanović', 'jasmina73', 'jasmina73@example.com', '$2y$10$EdEhRj2c/dYqiTqxoy8taeM7VZMwEc73WFlSaDABtPnNIA8QS5tRS', 0, '2024-10-04 09:52:00'),
(74, 'Marko', 'Radovanović', 'marko74', 'marko74@example.com', '$2y$10$EdEhRj2c/dYqiTqxoy8taeM7VZMwEc73WFlSaDABtPnNIA8QS5tRS', 0, '2024-10-14 21:27:00'),
(75, 'Svetlana', 'Živković', 'svetlana75', 'svetlana75@example.com', '$2y$10$EdEhRj2c/dYqiTqxoy8taeM7VZMwEc73WFlSaDABtPnNIA8QS5tRS', 0, '2025-07-17 04:37:00'),
(76, 'Stefan', 'Radovanović', 'stefan76', 'stefan76@example.com', '$2y$10$EdEhRj2c/dYqiTqxoy8taeM7VZMwEc73WFlSaDABtPnNIA8QS5tRS', 0, '2025-03-16 21:26:00'),
(77, 'Andrija', 'Pavlović', 'andrija77', 'andrija77@example.com', '$2y$10$EdEhRj2c/dYqiTqxoy8taeM7VZMwEc73WFlSaDABtPnNIA8QS5tRS', 0, '2025-03-16 02:00:00'),
(78, 'Dalibor', 'Nikolić', 'dalibor78', 'dalibor78@example.com', '$2y$10$EdEhRj2c/dYqiTqxoy8taeM7VZMwEc73WFlSaDABtPnNIA8QS5tRS', 0, '2025-09-13 05:41:00'),
(79, 'Katarina', 'Milić', 'katarina79', 'katarina79@example.com', '$2y$10$EdEhRj2c/dYqiTqxoy8taeM7VZMwEc73WFlSaDABtPnNIA8QS5tRS', 0, '2024-09-08 10:02:00'),
(80, 'Djordje', 'Vasić', 'djordje80', 'djordje80@example.com', '$2y$10$EdEhRj2c/dYqiTqxoy8taeM7VZMwEc73WFlSaDABtPnNIA8QS5tRS', 0, '2024-10-12 14:56:00'),
(81, 'Nevena', 'Stanković', 'nevena81', 'nevena81@example.com', '$2y$10$EdEhRj2c/dYqiTqxoy8taeM7VZMwEc73WFlSaDABtPnNIA8QS5tRS', 0, '2024-06-05 11:04:00'),
(82, 'Miloš', 'Đorđević', 'miloš82', 'miloš82@example.com', '$2y$10$EdEhRj2c/dYqiTqxoy8taeM7VZMwEc73WFlSaDABtPnNIA8QS5tRS', 0, '2024-03-15 05:58:00'),
(83, 'Ilija', 'Radosavljević', 'ilija83', 'ilija83@example.com', '$2y$10$EdEhRj2c/dYqiTqxoy8taeM7VZMwEc73WFlSaDABtPnNIA8QS5tRS', 0, '2024-10-20 15:33:00'),
(84, 'Jovana', 'Lukić', 'jovana84', 'jovana84@example.com', '$2y$10$EdEhRj2c/dYqiTqxoy8taeM7VZMwEc73WFlSaDABtPnNIA8QS5tRS', 0, '2024-08-16 20:14:00'),
(85, 'Goran', 'Milinković', 'goran85', 'goran85@example.com', '$2y$10$EdEhRj2c/dYqiTqxoy8taeM7VZMwEc73WFlSaDABtPnNIA8QS5tRS', 0, '2025-05-14 16:24:00'),
(86, 'Bogdan', 'Stanić', 'bogdan86', 'bogdan86@example.com', '$2y$10$EdEhRj2c/dYqiTqxoy8taeM7VZMwEc73WFlSaDABtPnNIA8QS5tRS', 0, '2025-10-24 19:10:00'),
(87, 'Slavica', 'Stanić', 'slavica87', 'slavica87@example.com', '$2y$10$EdEhRj2c/dYqiTqxoy8taeM7VZMwEc73WFlSaDABtPnNIA8QS5tRS', 0, '2024-07-02 12:00:00'),
(88, 'Uroš', 'Milenković', 'uroš88', 'uroš88@example.com', '$2y$10$EdEhRj2c/dYqiTqxoy8taeM7VZMwEc73WFlSaDABtPnNIA8QS5tRS', 0, '2024-11-22 20:04:00'),
(89, 'Slavica', 'Živković', 'slavica89', 'slavica89@example.com', '$2y$10$EdEhRj2c/dYqiTqxoy8taeM7VZMwEc73WFlSaDABtPnNIA8QS5tRS', 0, '2025-07-14 03:00:00'),
(90, 'Ivana', 'Popović', 'ivana90', 'ivana90@example.com', '$2y$10$EdEhRj2c/dYqiTqxoy8taeM7VZMwEc73WFlSaDABtPnNIA8QS5tRS', 0, '2024-08-07 02:06:00'),
(91, 'Zoran', 'Pešić', 'zoran91', 'zoran91@example.com', '$2y$10$EdEhRj2c/dYqiTqxoy8taeM7VZMwEc73WFlSaDABtPnNIA8QS5tRS', 0, '2025-03-18 07:50:00'),
(92, 'Veljko', 'Vuković', 'veljko92', 'veljko92@example.com', '$2y$10$EdEhRj2c/dYqiTqxoy8taeM7VZMwEc73WFlSaDABtPnNIA8QS5tRS', 0, '2025-02-16 10:15:00'),
(93, 'Milan', 'Arsić', 'milan93', 'milan93@example.com', '$2y$10$EdEhRj2c/dYqiTqxoy8taeM7VZMwEc73WFlSaDABtPnNIA8QS5tRS', 0, '2025-07-29 00:02:00'),
(94, 'Zoran', 'Knežević', 'zoran94', 'zoran94@example.com', '$2y$10$EdEhRj2c/dYqiTqxoy8taeM7VZMwEc73WFlSaDABtPnNIA8QS5tRS', 0, '2024-12-17 04:59:00'),
(95, 'Žarko', 'Radosavljević', 'žarko95', 'žarko95@example.com', '$2y$10$EdEhRj2c/dYqiTqxoy8taeM7VZMwEc73WFlSaDABtPnNIA8QS5tRS', 0, '2025-07-28 04:26:00'),
(96, 'Ognjen', 'Simić', 'ognjen96', 'ognjen96@example.com', '$2y$10$EdEhRj2c/dYqiTqxoy8taeM7VZMwEc73WFlSaDABtPnNIA8QS5tRS', 0, '2025-06-08 08:39:00'),
(97, 'Maja', 'Vasić', 'maja97', 'maja97@example.com', '$2y$10$EdEhRj2c/dYqiTqxoy8taeM7VZMwEc73WFlSaDABtPnNIA8QS5tRS', 0, '2025-12-23 11:46:00'),
(98, 'Mirjana', 'Pešić', 'mirjana98', 'mirjana98@example.com', '$2y$10$EdEhRj2c/dYqiTqxoy8taeM7VZMwEc73WFlSaDABtPnNIA8QS5tRS', 0, '2025-03-06 06:27:00'),
(99, 'Ana', 'Kovačević', 'ana99', 'ana99@example.com', '$2y$10$EdEhRj2c/dYqiTqxoy8taeM7VZMwEc73WFlSaDABtPnNIA8QS5tRS', 0, '2025-08-05 17:22:00'),
(100, 'Petar', 'Jovanovic', 'pepi', 'petar@mail.rs', '$2y$10$Eclw7wXYnXRL7gblnW9X1uZ1z.vC72SPcCkCmRsT.PUS90I2Ee5ly', 0, '2025-09-11 22:08:37'),
(102, 'dunja', 'tosic', 'dule', 'dunja@mail.rs', '$2y$10$AZnayinpk0uniZ0IriXXxOz3VYzsuQ2lAlT8VssaPuHCTPGe.kn0e', 0, '2025-09-12 23:54:00'),
(103, 'Konstantin', 'Jovanovic', 'koki', 'koki@mail.rs', '$2y$10$9GmwKL13l1YDWFK3CFj/Ue407YxW0vEIpsckQjYCZfxdrKXjRzyoi', 0, '2025-09-14 13:21:32'),
(200, 'admin', 'admin', 'admin', 'admin@example.com', '$2y$10$EdEhRj2c/dYqiTqxoy8taeM7VZMwEc73WFlSaDABtPnNIA8QS5tRS', 1, '2023-02-16 15:22:00');

--
-- Indexes for dumped tables
--

--
-- Indexes for table `orders`
--
ALTER TABLE `orders`
  ADD PRIMARY KEY (`id`),
  ADD KEY `fk_orders_user_id` (`user_id`);

--
-- Indexes for table `orders_products`
--
ALTER TABLE `orders_products`
  ADD PRIMARY KEY (`id`),
  ADD KEY `fk_orders_products_order_id` (`order_id`),
  ADD KEY `fk_orders_products_product_id` (`product_id`);

--
-- Indexes for table `products`
--
ALTER TABLE `products`
  ADD PRIMARY KEY (`id`);

--
-- Indexes for table `users`
--
ALTER TABLE `users`
  ADD PRIMARY KEY (`id`),
  ADD UNIQUE KEY `username` (`username`),
  ADD UNIQUE KEY `email` (`email`);

--
-- AUTO_INCREMENT for dumped tables
--

--
-- AUTO_INCREMENT for table `orders`
--
ALTER TABLE `orders`
  MODIFY `id` int(11) UNSIGNED NOT NULL AUTO_INCREMENT, AUTO_INCREMENT=507;

--
-- AUTO_INCREMENT for table `orders_products`
--
ALTER TABLE `orders_products`
  MODIFY `id` int(11) UNSIGNED NOT NULL AUTO_INCREMENT, AUTO_INCREMENT=1497;

--
-- AUTO_INCREMENT for table `products`
--
ALTER TABLE `products`
  MODIFY `id` int(11) UNSIGNED NOT NULL AUTO_INCREMENT, AUTO_INCREMENT=37;

--
-- AUTO_INCREMENT for table `users`
--
ALTER TABLE `users`
  MODIFY `id` int(11) UNSIGNED NOT NULL AUTO_INCREMENT, AUTO_INCREMENT=201;

--
-- Constraints for dumped tables
--

--
-- Constraints for table `orders`
--
ALTER TABLE `orders`
  ADD CONSTRAINT `fk_orders_user_id` FOREIGN KEY (`user_id`) REFERENCES `users` (`id`) ON DELETE SET NULL ON UPDATE CASCADE;

--
-- Constraints for table `orders_products`
--
ALTER TABLE `orders_products`
  ADD CONSTRAINT `fk_orders_products_order_id` FOREIGN KEY (`order_id`) REFERENCES `orders` (`id`) ON DELETE CASCADE ON UPDATE CASCADE,
  ADD CONSTRAINT `fk_orders_products_product_id` FOREIGN KEY (`product_id`) REFERENCES `products` (`id`) ON DELETE CASCADE ON UPDATE CASCADE;
COMMIT;

/*!40101 SET CHARACTER_SET_CLIENT=@OLD_CHARACTER_SET_CLIENT */;
/*!40101 SET CHARACTER_SET_RESULTS=@OLD_CHARACTER_SET_RESULTS */;
/*!40101 SET COLLATION_CONNECTION=@OLD_COLLATION_CONNECTION */;
